"person_id","ministry_id","is_primary","role_label","start_date","end_date","created_at","updated_at"
"0d7fca85-e0b7-441f-93c3-a7e137fdeed6","5822c061-99dd-4734-856e-d623cc39f2b3","FALSE","Cabinet – Chef de cabinet","10/10/2025","","2025-10-16T13:23:06.79778+00:00","2025-11-03T16:19:56.480198+00:00"
"104bcfb9-3edb-4be9-b0df-d38df4499d42","5822c061-99dd-4734-856e-d623cc39f2b3","FALSE","Cabinet – Conseiller droit du travail","","","2025-11-03T16:19:56.480198+00:00","2025-11-03T16:19:56.480198+00:00"
"1ebb011b-285b-485e-95f8-8bfc16b14340","5822c061-99dd-4734-856e-d623cc39f2b3","FALSE","Cabinet – Conseillère emploi et territoires","","","2025-11-03T16:19:56.480198+00:00","2025-11-03T16:19:56.480198+00:00"
"26379149-37aa-4a5c-bcd6-b29be0988779","5822c061-99dd-4734-856e-d623cc39f2b3","FALSE","Cabinet – Directeur adjoint de cabinet","10/10/2025","","2025-10-16T13:23:06.79778+00:00","2025-11-03T16:19:56.480198+00:00"
"7c25ccb9-8fe9-4c69-97b0-8adb5dc759cc","5822c061-99dd-4734-856e-d623cc39f2b3","FALSE","Cabinet – Conseiller formation","","","2025-11-03T16:19:56.480198+00:00","2025-11-03T16:19:56.480198+00:00"
"c61f6114-450c-4238-99fe-799e261798cd","5822c061-99dd-4734-856e-d623cc39f2b3","FALSE","Cabinet – Conseiller budget et IA","","","2025-11-03T16:19:56.480198+00:00","2025-11-03T16:19:56.480198+00:00"
"0de54aa3-63cc-454d-9156-dfc08fe32d57","2ada6cf9-1e56-44f9-94b0-09f6f5c04676","FALSE","Cabinet – Conseiller parlementaire","","","2025-10-22T19:08:20.841549+00:00","2025-11-03T16:20:17.17818+00:00"
"750632e2-c7d4-4544-88d3-ed10ececb7e9","2ada6cf9-1e56-44f9-94b0-09f6f5c04676","FALSE","Cabinet – Directeur de cabinet","","","2025-10-22T19:08:20.841549+00:00","2025-11-03T16:20:17.17818+00:00"
"a3a7c0ef-82d0-487d-ab90-18d4b9583d60","2ada6cf9-1e56-44f9-94b0-09f6f5c04676","FALSE","Cabinet – Cheffe de cabinet","","","2025-10-22T19:08:20.841549+00:00","2025-11-03T16:20:17.17818+00:00"
"0f83680a-861e-4f3a-a779-e9570f674dbc","9e35b193-e343-4fa2-8af0-fe227bb504f5","FALSE","Cabinet – Conseiller communication numérique","","","2025-11-03T16:22:25.738771+00:00","2025-11-03T16:22:25.738771+00:00"
"7ee1463b-286a-4cdb-b94c-d505966baf64","9e35b193-e343-4fa2-8af0-fe227bb504f5","FALSE","Cabinet – Directeur adjoint de cabinet","","","2025-11-03T16:22:25.738771+00:00","2025-11-03T16:22:25.738771+00:00"
"991ce74e-2be0-451f-a44e-7b47dfdc412c","9e35b193-e343-4fa2-8af0-fe227bb504f5","FALSE","Cabinet – Directeur de cabinet","","","2025-11-03T16:22:25.738771+00:00","2025-11-03T16:22:25.738771+00:00"
"e7aafb13-8178-409d-bd92-3f9512157519","9e35b193-e343-4fa2-8af0-fe227bb504f5","FALSE","Cabinet – Conseillère tourisme","","","2025-11-03T16:22:25.738771+00:00","2025-11-03T16:22:25.738771+00:00"
"089fa107-4230-4bb8-ac5e-71da83d0dec3","167a510a-75c7-4d79-9b72-128fe5ac0c19","FALSE","Cabinet – Conseiller affaires juridiques et ONU","","","2025-11-03T16:24:37.719657+00:00","2025-11-03T16:24:37.719657+00:00"
"1f16a173-fbf2-4979-8667-b6d58dbbe2bb","167a510a-75c7-4d79-9b72-128fe5ac0c19","FALSE","Cabinet – Conseillère budget et réformes","","","2025-11-03T16:24:37.719657+00:00","2025-11-03T16:24:37.719657+00:00"
"407d7f35-5954-48d1-9d2b-f8a86840d96a","167a510a-75c7-4d79-9b72-128fe5ac0c19","FALSE","Cabinet – Conseiller Afrique du Nord et Moyen-Orient","","","2025-11-03T16:24:37.719657+00:00","2025-11-03T16:24:37.719657+00:00"
"55815463-6b95-4131-bebe-f2390b59aa56","167a510a-75c7-4d79-9b72-128fe5ac0c19","FALSE","Cabinet – Directeur de cabinet adjoint","","","2025-10-22T18:50:39.048545+00:00","2025-11-03T16:24:37.719657+00:00"
"66ae5bd8-ed47-43d6-bbfb-35f1da7a6d48","167a510a-75c7-4d79-9b72-128fe5ac0c19","FALSE","Cabinet – Conseillère communication stratégique","","","2025-11-03T16:24:37.719657+00:00","2025-11-03T16:24:37.719657+00:00"
"67c7e842-5069-4909-aaa6-cfbd34243632","167a510a-75c7-4d79-9b72-128fe5ac0c19","FALSE","Cabinet – Conseillère Asie et affaires stratégiques","","","2025-11-03T16:24:37.719657+00:00","2025-11-03T16:24:37.719657+00:00"
"67e503d7-0902-4fa6-8aa5-cbbe3bc99be3","167a510a-75c7-4d79-9b72-128fe5ac0c19","FALSE","Cabinet – Conseillère Parlement et élus","","","2025-11-03T16:24:37.719657+00:00","2025-11-03T16:24:37.719657+00:00"
"69c045de-9b9a-4668-bd38-862e291f2cc7","167a510a-75c7-4d79-9b72-128fe5ac0c19","FALSE","Cabinet – Cheffe de cabinet, conseillère spéciale","","","2025-10-22T18:50:39.048545+00:00","2025-11-03T16:24:37.719657+00:00"
"8256507c-43d5-4725-9d40-d7ccbc1bf390","167a510a-75c7-4d79-9b72-128fe5ac0c19","FALSE","Cabinet – Conseiller chargé des discours","","","2025-11-03T16:24:37.719657+00:00","2025-11-03T16:24:37.719657+00:00"
"89861b7e-87be-4439-b3a2-4969e67a48d8","167a510a-75c7-4d79-9b72-128fe5ac0c19","FALSE","Cabinet – Conseiller Afrique et agenda transformationnel","","","2025-11-03T16:24:37.719657+00:00","2025-11-03T16:24:37.719657+00:00"
"92dda824-d331-4190-9f8e-4fa1da60fe66","167a510a-75c7-4d79-9b72-128fe5ac0c19","FALSE","Cabinet – Conseiller affaires consulaires","","","2025-11-03T16:24:37.719657+00:00","2025-11-03T16:24:37.719657+00:00"
"02737edf-8222-4c6c-85c3-f534da7df6b8","8cffab00-1440-4efe-81d2-f85194ff36de","FALSE","Cabinet – Chef de cabinet adjoint","","","2025-10-22T19:23:23.50028+00:00","2025-11-03T16:16:12.451151+00:00"
"2730a9b3-95bf-4652-aea0-cc911d7b9536","8cffab00-1440-4efe-81d2-f85194ff36de","FALSE","Cabinet – Cheffe de cabinet","","","2025-10-22T19:23:23.50028+00:00","2025-11-03T16:16:12.451151+00:00"
"8bce41f0-4bec-43e6-8b74-f4d1acb6a187","8cffab00-1440-4efe-81d2-f85194ff36de","FALSE","Cabinet – Directeur du cabinet","","","2025-10-22T19:23:23.50028+00:00","2025-11-03T16:16:12.451151+00:00"
"b446e360-a2ec-4f7f-aec2-0eb393706c3a","8cffab00-1440-4efe-81d2-f85194ff36de","FALSE","Cabinet – Conseiller relations parlementaires et élus","","","2025-10-22T19:23:23.50028+00:00","2025-11-03T16:16:12.451151+00:00"
"dbf420f9-c8f6-4c91-b255-c8a17a0ce6d6","8cffab00-1440-4efe-81d2-f85194ff36de","FALSE","Cabinet – Conseiller spécial","","","2025-10-22T19:23:23.50028+00:00","2025-11-03T16:16:12.451151+00:00"
"4faa7fdf-0085-4891-831b-04e4137ba566","d127788b-7349-4d2d-9cbd-62ca9fa68ae9","FALSE","Cabinet – Conseillère discours et prospectives","","","2025-10-22T19:14:11.442649+00:00","2025-11-03T16:16:25.133747+00:00"
"5af7bd53-8293-4146-8d09-ce7031e7600d","d127788b-7349-4d2d-9cbd-62ca9fa68ae9","FALSE","Cabinet – Conseiller justice des mineurs et professions du droit","","","2025-10-22T19:14:11.442649+00:00","2025-11-03T16:16:25.133747+00:00"
"7275d43d-657b-4a9e-9d53-ccca4ceb5f59","d127788b-7349-4d2d-9cbd-62ca9fa68ae9","FALSE","Cabinet – Conseiller services judiciaires et aide aux victimes","","","2025-10-22T19:14:11.442649+00:00","2025-11-03T16:16:25.133747+00:00"
"7ec1b506-96c2-40ec-82b0-54bbdf189548","d127788b-7349-4d2d-9cbd-62ca9fa68ae9","FALSE","Cabinet – Conseillère spéciale","","","2025-10-22T19:14:11.442649+00:00","2025-11-03T16:16:25.133747+00:00"
"8c415079-b3ca-4e64-92a3-bd9407b84733","d127788b-7349-4d2d-9cbd-62ca9fa68ae9","FALSE","Cabinet – Conseiller parlementaire et élus locaux","","","2025-10-22T19:14:11.442649+00:00","2025-11-03T16:16:25.133747+00:00"
"1c63faac-dc47-4e2a-948e-7e55963ef618","70f4caf8-76ec-46b1-9663-fefc76428992","FALSE","Cabinet – Directeur de cabinet","08/10/2025","","2025-10-16T09:07:14.342227+00:00","2025-11-03T16:29:04.684296+00:00"
"a78cc95d-02c5-4527-b5e7-d733875840cb","70f4caf8-76ec-46b1-9663-fefc76428992","FALSE","Cabinet – Directeur adjoint de cabinet","08/10/2025","","2025-10-16T09:07:14.342227+00:00","2025-11-03T16:29:04.684296+00:00"
"aace890c-aca1-46e8-8c8c-74d4d478d824","70f4caf8-76ec-46b1-9663-fefc76428992","FALSE","Cabinet – Cheffe de cabinet","08/10/2025","","2025-10-16T09:07:14.342227+00:00","2025-11-03T16:29:04.684296+00:00"
"0dec2811-b107-47b4-87b2-b8bc1ef3417d","f46f4a1a-437a-451b-84e4-c08011e10bb0","FALSE","Cabinet – Conseiller parlementaires et élus","","","2025-10-20T14:10:56.469763+00:00","2025-11-03T16:16:34.302396+00:00"
"177910d6-a4fb-4df6-9ad3-600627deb027","f46f4a1a-437a-451b-84e4-c08011e10bb0","FALSE","Cabinet – Conseillère discours","","","2025-10-20T14:10:56.469763+00:00","2025-11-03T16:16:34.302396+00:00"
"4cdfb84d-87e5-4b88-99af-63802ed99339","f46f4a1a-437a-451b-84e4-c08011e10bb0","FALSE","Cabinet – Directrice adjointe de cabinet","","","2025-10-16T12:31:16.303927+00:00","2025-11-03T16:16:34.302396+00:00"
"7cc0401e-93bc-47df-8998-e94718b9d759","f46f4a1a-437a-451b-84e4-c08011e10bb0","FALSE","Cabinet – Conseillère budgétaire et modernisation","","","2025-10-20T14:10:56.469763+00:00","2025-11-03T16:16:34.302396+00:00"
"867ee776-3c8f-482b-a0fe-76f1111f8dee","f46f4a1a-437a-451b-84e4-c08011e10bb0","FALSE","Cabinet – Cheffe de cabinet","","","2025-10-16T12:31:16.303927+00:00","2025-11-03T16:16:34.302396+00:00"
"b86dd1fa-5fcc-4fd1-8104-f29ccb11515c","ff8fd0ed-b2f7-40dc-b307-69054bfb91fe","TRUE","Ministre délégué des Relations avec le Parlement","","","2025-10-15T11:55:16.702426+00:00","2025-11-03T15:14:33.795372+00:00"
"b9411f44-605b-4bbe-af33-1d727ebef20e","167a510a-75c7-4d79-9b72-128fe5ac0c19","FALSE","Cabinet – Conseillère Europe et Balkans","","","2025-11-03T16:24:37.719657+00:00","2025-11-03T16:24:37.719657+00:00"
"e3abd249-edbb-41e5-9aef-bed5de40fa91","167a510a-75c7-4d79-9b72-128fe5ac0c19","FALSE","Cabinet – Conseillère presse et opinion","","","2025-11-03T16:24:37.719657+00:00","2025-11-03T16:24:37.719657+00:00"
"4e4074d3-f234-47bf-a827-38ff4b8ba273","64d69571-d122-4985-b877-1813e6e7f9d6","FALSE","Cabinet – Conseillère parlementaire Amériques et affaires réservées","","","2025-11-03T16:26:12.148395+00:00","2025-11-03T16:26:12.148395+00:00"
"4ec528f4-71d3-49db-851e-41b63d3c5bea","64d69571-d122-4985-b877-1813e6e7f9d6","FALSE","Cabinet – Directeur adjoint, chargé des Français de l’étranger","","","2025-11-03T16:26:12.148395+00:00","2025-11-03T16:26:12.148395+00:00"
"a761d320-b376-45bd-b936-863d2b831c69","64d69571-d122-4985-b877-1813e6e7f9d6","FALSE","Cabinet – Conseillère Afrique, MO, Europe, Asie et diplomatie féministe","","","2025-11-03T16:26:12.148395+00:00","2025-11-03T16:26:12.148395+00:00"
"51c6fa32-56e8-4934-a959-fdf127062993","70f4caf8-76ec-46b1-9663-fefc76428992","FALSE","","","","2025-10-15T12:13:17.56549+00:00","2025-11-03T15:14:33.795372+00:00"
"988c2a8b-9b45-42cc-88ea-bfda97899eed","d127788b-7349-4d2d-9cbd-62ca9fa68ae9","FALSE","Cabinet – Cheffe de cabinet adjointe, affaires réservées","","","2025-10-22T19:14:11.442649+00:00","2025-11-03T16:16:25.133747+00:00"
"997d5116-2362-43ef-a99a-df0717402bfe","d127788b-7349-4d2d-9cbd-62ca9fa68ae9","FALSE","Cabinet – Conseillère affaires européennes et lutte contre le terrorisme","","","2025-10-22T19:14:11.442649+00:00","2025-11-03T16:16:25.133747+00:00"
"bf844dd2-d33c-4343-b800-bd0be4011d6f","d127788b-7349-4d2d-9cbd-62ca9fa68ae9","FALSE","Cabinet – Directrice de cabinet","","","2025-10-22T19:14:11.442649+00:00","2025-11-03T16:16:25.133747+00:00"
"ccf5ad76-4e15-402c-9ee0-8e40a1656b3f","d127788b-7349-4d2d-9cbd-62ca9fa68ae9","FALSE","Cabinet – Conseiller budgétaire et numérique","","","2025-10-22T19:14:11.442649+00:00","2025-11-03T16:16:25.133747+00:00"
"dc79d169-869e-477c-9b2f-ce4aab4cf127","d127788b-7349-4d2d-9cbd-62ca9fa68ae9","FALSE","Cabinet – Conseiller communication et presse","","","2025-10-22T19:14:11.442649+00:00","2025-11-03T16:16:25.133747+00:00"
"8b96d98b-6107-4b1b-8b59-bab0f198716e","f46f4a1a-437a-451b-84e4-c08011e10bb0","FALSE","Cabinet – Chef adjoint de cabinet","","","2025-10-20T14:10:56.469763+00:00","2025-11-03T16:16:34.302396+00:00"
"c310d05f-d271-4451-b771-f0d34f775172","f46f4a1a-437a-451b-84e4-c08011e10bb0","FALSE","Cabinet – Conseillère communication","","","2025-10-20T14:10:56.469763+00:00","2025-11-03T16:16:34.302396+00:00"
"dcd43bf3-86af-4d38-a488-555e4f64d1ff","f46f4a1a-437a-451b-84e4-c08011e10bb0","FALSE","Cabinet – Conseillère diplomatique","","","2025-10-20T14:10:56.469763+00:00","2025-11-03T16:16:34.302396+00:00"
"f7e01f8b-bcc6-4524-9647-c599dc1428d3","f46f4a1a-437a-451b-84e4-c08011e10bb0","FALSE","Cabinet – Conseillère justice et affaires pénales","","","2025-10-20T14:10:56.469763+00:00","2025-11-03T16:16:34.302396+00:00"
"ff641f36-5fa3-449c-8272-57f085a523f8","f46f4a1a-437a-451b-84e4-c08011e10bb0","FALSE","Cabinet – Conseiller immigration et cultes","","","2025-10-20T14:10:56.469763+00:00","2025-11-03T16:16:34.302396+00:00"
"49227f11-74dd-472e-affd-fab2d63f225a","0029df18-e68b-4f4e-b882-852fcdb07bc6","FALSE","Cabinet – Conseiller juridique et fiscalité","","","2025-11-03T16:20:08.280646+00:00","2025-11-03T16:20:08.280646+00:00"
"54c65489-fc33-4cd7-b2e3-6aeb2000172f","0029df18-e68b-4f4e-b882-852fcdb07bc6","FALSE","Cabinet – Conseiller macroéconomie et finances publiques","","","2025-11-03T16:20:08.280646+00:00","2025-11-03T16:20:08.280646+00:00"
"7cb8b076-9b7e-4554-9ad5-37fbe6f05cec","0029df18-e68b-4f4e-b882-852fcdb07bc6","FALSE","Cabinet – Conseillère affaires européennes et internationales","","","2025-11-03T16:20:08.280646+00:00","2025-11-03T16:20:08.280646+00:00"
"8394bf8c-c779-45eb-85bb-55c933b42d66","0029df18-e68b-4f4e-b882-852fcdb07bc6","FALSE","Cabinet – Conseillère financement économie et outre-mer","","","2025-11-03T16:20:08.280646+00:00","2025-11-03T16:20:08.280646+00:00"
"8f8910c5-0936-4ed0-8a23-0739a5a257b2","0029df18-e68b-4f4e-b882-852fcdb07bc6","FALSE","Cabinet – Conseiller participation de l’État","","","2025-11-03T16:20:08.280646+00:00","2025-11-03T16:20:08.280646+00:00"
"91b965b8-cc02-4b92-aa7a-84f5f11f9a31","0029df18-e68b-4f4e-b882-852fcdb07bc6","FALSE","Cabinet – Directeur de cabinet adjoint","","","2025-11-03T16:20:08.280646+00:00","2025-11-03T16:20:08.280646+00:00"
"9259652c-892c-4da3-8c5a-9da5ad720634","0029df18-e68b-4f4e-b882-852fcdb07bc6","FALSE","Cabinet – Conseillère parlementaire et élus","","","2025-11-03T16:20:08.280646+00:00","2025-11-03T16:20:08.280646+00:00"
"9671afd5-f2dc-4436-b70e-e5f07c3f6bca","0029df18-e68b-4f4e-b882-852fcdb07bc6","FALSE","Cabinet – Conseiller énergie","","","2025-11-03T16:20:08.280646+00:00","2025-11-03T16:20:08.280646+00:00"
"9f197eb8-fbb6-47b9-aaa8-15b63c1ea6e5","0029df18-e68b-4f4e-b882-852fcdb07bc6","FALSE","Cabinet – Conseillère budget et économie verte","","","2025-11-03T16:20:08.280646+00:00","2025-11-03T16:20:08.280646+00:00"
"d49bea8d-1fdd-4d32-8edb-ee34b4b91fa3","0029df18-e68b-4f4e-b882-852fcdb07bc6","FALSE","Cabinet – Directrice de cabinet adjointe","","","2025-11-03T16:20:08.280646+00:00","2025-11-03T16:20:08.280646+00:00"
"d8cbbd2c-c22c-40a5-a699-a7265ed964d0","0029df18-e68b-4f4e-b882-852fcdb07bc6","FALSE","Cabinet – Conseillère stratégie, presse et communication","","","2025-11-03T16:20:08.280646+00:00","2025-11-03T16:20:08.280646+00:00"
"fa21773c-ab85-4325-8063-76e2e7bb1d1d","0029df18-e68b-4f4e-b882-852fcdb07bc6","FALSE","Cabinet – Directeur de cabinet","10/10/2025","","2025-10-17T10:11:47.387317+00:00","2025-11-03T16:20:08.280646+00:00"
"ad532ec9-ed13-4b4c-997f-b62f796819d2","1251eed6-a02c-42a6-9db2-bf94a8eda63a","FALSE","Conseillère — Territoires, accessibilité et simplification","","","2025-10-22T18:36:42.860767+00:00","2025-11-03T15:14:33.795372+00:00"
"be23d9b8-0914-4c2d-bc66-e78d8c0dca5d","1251eed6-a02c-42a6-9db2-bf94a8eda63a","FALSE","Conseillère — Presse et communication","","","2025-10-22T18:36:42.860767+00:00","2025-11-03T15:14:33.795372+00:00"
"81a112dd-fd6b-4344-a658-4a55b60c6951","1251eed6-a02c-42a6-9db2-bf94a8eda63a","FALSE","Cabinet – Directeur de cabinet","","","2025-10-22T18:36:42.860767+00:00","2025-11-03T15:14:33.795372+00:00"
"1e437f97-5439-4ad1-93b3-70fd9c3ab137","1251eed6-a02c-42a6-9db2-bf94a8eda63a","FALSE","Conseillère — Transformation de l’offre et lutte contre les maltraitances","","","2025-10-22T18:36:42.860767+00:00","2025-11-03T15:14:33.795372+00:00"
"22cffbac-1e2f-4c0a-bd76-e20f09455a4c","1251eed6-a02c-42a6-9db2-bf94a8eda63a","FALSE","Conseiller — École pour tous, emploi et citoyenneté","","","2025-10-22T18:36:42.860767+00:00","2025-11-03T15:14:33.795372+00:00"
"16625aab-a67c-411b-95a9-66e7f6aee7de","f46f4a1a-437a-451b-84e4-c08011e10bb0","FALSE","Cabinet – Directrice du cabinet","","","2025-11-03T16:16:34.302396+00:00","2025-11-03T16:16:34.302396+00:00"
"db2e6efe-93df-4797-9f68-4a26ab93bb4a","1251eed6-a02c-42a6-9db2-bf94a8eda63a","FALSE","Conseillère — Grande âge, domicile, aidants (budget)","","","2025-10-22T18:36:42.860767+00:00","2025-11-03T15:14:33.795372+00:00"
"3c2b803d-e4f9-4b46-9945-b4d54afaba3d","1251eed6-a02c-42a6-9db2-bf94a8eda63a","FALSE","Cabinet – Chef de cabinet — Relations avec le Parlement","","","2025-10-22T18:36:42.860767+00:00","2025-11-03T15:14:33.795372+00:00"
"1ce15679-9fe3-4f8e-8866-f941d8e9d0f3","2f4ad15c-3ad7-4079-a710-c181b3097e1b","FALSE","Cabinet – Directeur de cabinet","","","2025-10-22T19:12:11.668707+00:00","2025-11-03T15:14:33.795372+00:00"
"b48076ef-a931-44a2-af53-2b0bea118cdf","a3f89e2a-ce65-4245-ac02-90c397207559","TRUE","Ministre déléguée – Porte-parole du Gouvernement","","","2025-10-15T11:55:16.702426+00:00","2025-11-03T15:14:33.795372+00:00"
"822adb5a-a343-4980-be94-8aa3ff368bd9","29cc6f35-219a-4fd9-b5b7-4d06939e0682","TRUE","Ministre déléguée de l'Égalité femmes-hommes & Lutte contre les discriminations","","","2025-10-15T11:55:16.702426+00:00","2025-11-03T15:14:33.795372+00:00"
"1c71e08c-eabe-490c-82b2-262ae5df270a","7096353f-c8ac-4df1-8634-c45035c34825","TRUE","Premier ministre","","","2025-10-16T09:29:37.341201+00:00","2025-11-03T15:14:33.795372+00:00"
"822adb5a-a343-4980-be94-8aa3ff368bd9","7096353f-c8ac-4df1-8634-c45035c34825","FALSE","rattaché à Sébastien Lecornu","","","2025-10-21T07:50:33.310742+00:00","2025-11-03T15:14:33.795372+00:00"
"b48076ef-a931-44a2-af53-2b0bea118cdf","7096353f-c8ac-4df1-8634-c45035c34825","FALSE","rattaché à Sébastien Lecornu","","","2025-10-21T07:50:33.310742+00:00","2025-11-03T15:14:33.795372+00:00"
"7d3b2758-e209-4479-a078-7d838c0bc3f0","e1e33481-0f0e-476c-a59c-917d3d7aa31b","FALSE","Cabinet – Chef de cabinet et conseiller auprès de la ministre","10/10/2025","","2025-10-17T09:42:39.667105+00:00","2025-11-03T16:27:32.262326+00:00"
"1ce15679-9fe3-4f8e-8866-f941d8e9d0f3","f46f4a1a-437a-451b-84e4-c08011e10bb0","FALSE","Cabinet – Directeur adjoint de cabinet","","","2025-11-03T16:16:34.302396+00:00","2025-11-03T16:16:34.302396+00:00"
"83e86f54-f152-4839-b088-c3e101694890","f46f4a1a-437a-451b-84e4-c08011e10bb0","FALSE","Cabinet – Conseillère libertés publiques","","","2025-11-03T16:16:34.302396+00:00","2025-11-03T16:16:34.302396+00:00"
"b6cff38a-282e-456d-9a3a-f0d13b75b552","f46f4a1a-437a-451b-84e4-c08011e10bb0","FALSE","Cabinet – Conseillère presse","","","2025-11-03T16:16:34.302396+00:00","2025-11-03T16:16:34.302396+00:00"
"3ad42781-67f6-4d9f-9850-e66ff025af89","a0cb23b5-f7fd-4c53-acfc-3bbf2cc9d85c","FALSE","Cabinet – Cheffe de cabinet","","","2025-10-22T19:05:10.782646+00:00","2025-11-03T16:22:05.16387+00:00"
"e006a33d-e455-4bff-951f-307dd4e874a3","a0cb23b5-f7fd-4c53-acfc-3bbf2cc9d85c","FALSE","Cabinet – Directeur de cabinet","","","2025-10-22T19:05:10.782646+00:00","2025-11-03T16:22:05.16387+00:00"
"129737c5-ff0d-4d9d-911b-d189f21ed7f1","5822c061-99dd-4734-856e-d623cc39f2b3","FALSE","Cabinet – Conseillère spéciale, filières et viticulture","","","2025-11-03T16:24:15.299331+00:00","2025-11-03T16:24:15.299331+00:00"
"04125939-33cc-423b-b9ed-5570c5d2bbab","ff8fd0ed-b2f7-40dc-b307-69054bfb91fe","FALSE","Cabinet – Conseiller parlementaire","","","2025-11-03T16:07:24.785388+00:00","2025-11-03T16:32:00.631136+00:00"
"0e66eec6-1182-40e3-999e-b5b16f7843af","ff8fd0ed-b2f7-40dc-b307-69054bfb91fe","FALSE","Cabinet – Conseiller parlementaire","","","2025-11-03T16:07:24.785388+00:00","2025-11-03T16:32:00.631136+00:00"
"673b86d0-c0f8-495a-b494-3533f3e40db4","5822c061-99dd-4734-856e-d623cc39f2b3","FALSE","Cabinet – Conseillère filières agricoles","","","2025-11-03T16:24:15.299331+00:00","2025-11-03T16:24:15.299331+00:00"
"70120291-740f-4338-9c88-9cd8ce047bd7","5822c061-99dd-4734-856e-d623cc39f2b3","FALSE","Cabinet – Conseiller Parlement et élus locaux","","","2025-11-03T16:24:15.299331+00:00","2025-11-03T16:24:15.299331+00:00"
"7c51afcc-1e08-41d8-bd53-992a58c38bd3","5822c061-99dd-4734-856e-d623cc39f2b3","FALSE","Cabinet – Directeur de cabinet","","","2025-11-03T16:24:15.299331+00:00","2025-11-03T16:24:15.299331+00:00"
"8061f228-23d7-426c-b6cf-7b8bc0568c8c","5822c061-99dd-4734-856e-d623cc39f2b3","FALSE","Cabinet – Conseiller affaires européennes et PAC","","","2025-11-03T16:24:15.299331+00:00","2025-11-03T16:24:15.299331+00:00"
"a8c1576f-2b38-4926-8b68-cfe78b2488ad","5822c061-99dd-4734-856e-d623cc39f2b3","FALSE","Cabinet – Conseillère communication et presse","","","2025-11-03T16:24:15.299331+00:00","2025-11-03T16:24:15.299331+00:00"
"af31591f-8d50-4d9e-aa59-d337c9a54c37","5822c061-99dd-4734-856e-d623cc39f2b3","FALSE","Cabinet – Chef de cabinet","","","2025-11-03T16:24:15.299331+00:00","2025-11-03T16:24:15.299331+00:00"
"b14a8a1b-bf53-412e-a660-6f7e9db6bf6b","5822c061-99dd-4734-856e-d623cc39f2b3","FALSE","Cabinet – Conseillère santé et alimentation","","","2025-11-03T16:24:15.299331+00:00","2025-11-03T16:24:15.299331+00:00"
"c3f37aae-8504-49b3-bf5c-64bc332c1aba","5822c061-99dd-4734-856e-d623cc39f2b3","FALSE","Cabinet – Conseillère enseignement et formation","","","2025-11-03T16:24:15.299331+00:00","2025-11-03T16:24:15.299331+00:00"
"d41ab868-a147-4bcd-9666-f1aa50dc2913","5822c061-99dd-4734-856e-d623cc39f2b3","FALSE","Cabinet – Conseiller industries et énergie","","","2025-11-03T16:24:15.299331+00:00","2025-11-03T16:24:15.299331+00:00"
"ed01d3f5-a125-40e7-8579-605cd3305c48","5822c061-99dd-4734-856e-d623cc39f2b3","FALSE","Cabinet – Conseiller budget et fiscalité","","","2025-11-03T16:24:15.299331+00:00","2025-11-03T16:24:15.299331+00:00"
"2463b1ec-4019-4140-906a-b9f7cdbbad88","167a510a-75c7-4d79-9b72-128fe5ac0c19","FALSE","Cabinet – Directrice de cabinet adjointe","","","2025-10-22T18:50:39.048545+00:00","2025-11-03T16:24:37.719657+00:00"
"3fb381ad-819d-4327-8836-a2d4a65d4ea8","167a510a-75c7-4d79-9b72-128fe5ac0c19","FALSE","Cabinet – Directeur de cabinet","","","2025-10-22T18:50:39.048545+00:00","2025-11-03T16:24:37.719657+00:00"
"330aaa14-c325-420f-a8a0-f0aa81bef956","1251eed6-a02c-42a6-9db2-bf94a8eda63a","FALSE","Cabinet – Directrice du cabinet","","","2025-10-22T18:39:07.778356+00:00","2025-11-03T16:26:28.950464+00:00"
"3b841fd5-a2fe-4901-a111-29391fd3080a","1251eed6-a02c-42a6-9db2-bf94a8eda63a","FALSE","Cabinet – Directeur adjoint santé","","","2025-10-22T18:39:07.778356+00:00","2025-11-03T16:26:28.950464+00:00"
"dcda2289-b04c-4947-af42-a8fe41b662cd","1251eed6-a02c-42a6-9db2-bf94a8eda63a","FALSE","Cabinet – Directeur adjoint enfance et famille","","","2025-10-22T18:39:07.778356+00:00","2025-11-03T16:26:28.950464+00:00"
"33172de1-4864-49cb-97fd-66694219033f","ff8fd0ed-b2f7-40dc-b307-69054bfb91fe","FALSE","Cabinet – Conseiller parlementaire","","","2025-11-03T16:07:24.785388+00:00","2025-11-03T16:32:00.631136+00:00"
"350d473f-401b-48fc-9a1d-bed5ad9af846","ff8fd0ed-b2f7-40dc-b307-69054bfb91fe","FALSE","Cabinet – Conseillère parlementaire","","","2025-11-03T16:07:24.785388+00:00","2025-11-03T16:32:00.631136+00:00"
"41287f30-b85f-4952-a293-4acb76e3bf7b","ff8fd0ed-b2f7-40dc-b307-69054bfb91fe","FALSE","Cabinet – Conseillère communication","","","2025-11-03T16:07:24.785388+00:00","2025-11-03T16:32:00.631136+00:00"
"726097a7-46b4-401d-aa0b-5d7d84fe9a46","06749d78-530c-4966-8492-cac8dc922379","FALSE","Cabinet – Communication, stratégie, presse et discours","","","2025-11-03T16:20:27.115649+00:00","2025-11-03T16:20:27.115649+00:00"
"7a1cbd97-4206-4e4b-9f07-dfb1dd74f212","06749d78-530c-4966-8492-cac8dc922379","FALSE","Cabinet – IA, innovation et compétitivité","","","2025-11-03T16:20:27.115649+00:00","2025-11-03T16:20:27.115649+00:00"
"8d1e235b-5688-4510-bf63-974a20db49e0","06749d78-530c-4966-8492-cac8dc922379","FALSE","Cabinet – Souveraineté numérique, télécoms et infrastructures","","","2025-11-03T16:20:27.115649+00:00","2025-11-03T16:20:27.115649+00:00"
"91b965b8-cc02-4b92-aa7a-84f5f11f9a31","06749d78-530c-4966-8492-cac8dc922379","FALSE","Cabinet – Directeur de cabinet","","","2025-11-03T16:20:27.115649+00:00","2025-11-03T16:20:27.115649+00:00"
"af644e87-f17c-4580-beeb-297ed02473b5","06749d78-530c-4966-8492-cac8dc922379","FALSE","Cabinet – Cybersécurité et régulation","","","2025-11-03T16:20:27.115649+00:00","2025-11-03T16:20:27.115649+00:00"
"cb4b1764-12f8-445f-bbd7-1a790d71b834","06749d78-530c-4966-8492-cac8dc922379","FALSE","Cabinet – Cheffe de cabinet, conseillère spéciale","","","2025-11-03T16:20:27.115649+00:00","2025-11-03T16:20:27.115649+00:00"
"ff3eb1e9-0a03-42f8-a6d7-6f796f7c0269","06749d78-530c-4966-8492-cac8dc922379","FALSE","Cabinet – Protection de l’enfance et enjeux du numérique","","","2025-11-03T16:20:27.115649+00:00","2025-11-03T16:20:27.115649+00:00"
"f5c05d35-1c1d-4ac2-be1f-f8d5623df3be","5822c061-99dd-4734-856e-d623cc39f2b3","FALSE","Cabinet – Conseillère planification écologique","","","2025-11-03T16:24:15.299331+00:00","2025-11-03T16:24:15.299331+00:00"
"0ddc9ae7-af67-4bb1-be22-fac51582fd57","868b9df4-9a4b-464d-9954-ceeb34367612","FALSE","Cabinet – Relations parlementaires et élus","","","2025-11-03T16:24:51.588046+00:00","2025-11-03T16:24:51.588046+00:00"
"325271c5-4cad-4017-879b-931d5071f3df","868b9df4-9a4b-464d-9954-ceeb34367612","FALSE","Cabinet – Directeur de cabinet adjoint","","","2025-11-03T16:24:51.588046+00:00","2025-11-03T16:24:51.588046+00:00"
"3d63381e-89f6-497e-9025-905ea82e2ff1","868b9df4-9a4b-464d-9954-ceeb34367612","FALSE","Cabinet – Économie, décarbonation et budget","","","2025-11-03T16:24:51.588046+00:00","2025-11-03T16:24:51.588046+00:00"
"6158a18f-9932-4d01-a04f-fd11f09a724a","868b9df4-9a4b-464d-9954-ceeb34367612","FALSE","Cabinet – Cheffe de cabinet","10/10/2025","","2025-10-17T09:40:50.810044+00:00","2025-11-03T16:24:51.588046+00:00"
"11c2dcc2-be96-4d40-830f-ac012ece20d0","43cc528f-8aa0-4325-b8ad-65e350f069da","FALSE","Cabinet – Conseillère recherche","","","2025-11-03T16:09:58.784838+00:00","2025-11-03T16:09:58.784838+00:00"
"1c252b2f-2068-4337-a7dd-62ace7e26b5b","43cc528f-8aa0-4325-b8ad-65e350f069da","FALSE","Cabinet – Directrice de cabinet","","","2025-11-03T16:09:58.784838+00:00","2025-11-03T16:09:58.784838+00:00"
"388b603f-5c19-4429-a1c5-4e2911b24f71","43cc528f-8aa0-4325-b8ad-65e350f069da","FALSE","Cabinet – Conseiller communication et presse","","","2025-11-03T16:09:58.784838+00:00","2025-11-03T16:09:58.784838+00:00"
"47e49301-bf34-4948-9298-b08c93a069c4","43cc528f-8aa0-4325-b8ad-65e350f069da","FALSE","Cabinet – Conseiller formation","","","2025-11-03T16:09:58.784838+00:00","2025-11-03T16:09:58.784838+00:00"
"4ba540af-eeae-413e-bcd5-909d55ce2716","43cc528f-8aa0-4325-b8ad-65e350f069da","FALSE","Cabinet – Conseiller budgétaire","10/10/2025","","2025-10-17T09:54:14.494196+00:00","2025-11-03T16:09:58.784838+00:00"
"6ce3a15d-17f5-4622-93d7-6b4f158af783","43cc528f-8aa0-4325-b8ad-65e350f069da","FALSE","Cabinet – Conseillère diplomatique et spatial","","","2025-11-03T16:09:58.784838+00:00","2025-11-03T16:09:58.784838+00:00"
"743b2a5c-5679-4140-be98-40118c5912db","43cc528f-8aa0-4325-b8ad-65e350f069da","FALSE","Cabinet – Conseiller spécial santé","","","2025-11-03T16:09:58.784838+00:00","2025-11-03T16:09:58.784838+00:00"
"96368e0e-518f-4a87-9efa-2408a78d0872","43cc528f-8aa0-4325-b8ad-65e350f069da","FALSE","Cabinet – Conseillère SHS","","","2025-11-03T16:09:58.784838+00:00","2025-11-03T16:09:58.784838+00:00"
"b822c462-00c4-4e07-b576-bfdb2e86d485","43cc528f-8aa0-4325-b8ad-65e350f069da","FALSE","Cabinet – Cheffe adjointe de cabinet","","","2025-11-03T16:09:58.784838+00:00","2025-11-03T16:09:58.784838+00:00"
"c447f1a5-14a6-4e06-a8eb-ab709827e38b","43cc528f-8aa0-4325-b8ad-65e350f069da","FALSE","Cabinet – Conseillère parlementaire","10/10/2025","","2025-10-17T09:54:14.494196+00:00","2025-11-03T16:09:58.784838+00:00"
"e3640279-167a-410e-b898-41fd8e049a88","43cc528f-8aa0-4325-b8ad-65e350f069da","FALSE","Cabinet – Directeur adjoint de cabinet","","","2025-11-03T16:09:58.784838+00:00","2025-11-03T16:09:58.784838+00:00"
"ea637987-e5a3-4493-b3d2-3e8e4d31498d","43cc528f-8aa0-4325-b8ad-65e350f069da","FALSE","Cabinet – Chef de cabinet, relations Parlement","","","2025-11-03T16:09:58.784838+00:00","2025-11-03T16:09:58.784838+00:00"
"1ce15679-9fe3-4f8e-8866-f941d8e9d0f3","ff8fd0ed-b2f7-40dc-b307-69054bfb91fe","FALSE","Cabinet – Directeur de cabinet","","","2025-11-03T16:16:42.748822+00:00","2025-11-03T16:16:42.748822+00:00"
"4ddf7536-d016-4841-9462-b6284fd8edba","ff8fd0ed-b2f7-40dc-b307-69054bfb91fe","FALSE","Cabinet – Conseillère sécurités","","","2025-11-03T16:16:42.748822+00:00","2025-11-03T16:16:42.748822+00:00"
"733e6ac1-607d-484f-922f-968a5f03d782","ff8fd0ed-b2f7-40dc-b307-69054bfb91fe","FALSE","Cabinet – Cheffe de cabinet","","","2025-11-03T16:16:42.748822+00:00","2025-11-03T16:16:42.748822+00:00"
"de6a92e6-7ead-4ee5-9c34-f23bec9f9cf1","ff8fd0ed-b2f7-40dc-b307-69054bfb91fe","FALSE","Cabinet – Conseillère juridique et prospective","","","2025-11-03T16:16:42.748822+00:00","2025-11-03T16:16:42.748822+00:00"
"c720a314-29f0-40af-934d-a5a0618113ba","868b9df4-9a4b-464d-9954-ceeb34367612","FALSE","Cabinet – Marché intérieur et politiques internes","","","2025-11-03T16:24:51.588046+00:00","2025-11-03T16:24:51.588046+00:00"
"db3312e9-2fb8-47da-a6d8-2f4d57d77047","868b9df4-9a4b-464d-9954-ceeb34367612","FALSE","Cabinet – Directrice adjointe élargissement et voisinage","","","2025-11-03T16:24:51.588046+00:00","2025-11-03T16:24:51.588046+00:00"
"dbd2aa98-1396-409e-b34d-512cef1e0e68","868b9df4-9a4b-464d-9954-ceeb34367612","FALSE","Cabinet – Communication et stratégie","","","2025-11-03T16:24:51.588046+00:00","2025-11-03T16:24:51.588046+00:00"
"d4b48242-ec61-48b3-af52-fd2c4b033cf3","64d69571-d122-4985-b877-1813e6e7f9d6","FALSE","Cabinet – Conseiller opérateurs, pilotage, développement et financements innovants","","","2025-11-03T16:26:12.148395+00:00","2025-11-03T16:26:12.148395+00:00"
"10cf748a-b161-45f5-ab93-0542c95d960a","1251eed6-a02c-42a6-9db2-bf94a8eda63a","FALSE","Cabinet – Accès aux soins et hôpital","","","2025-11-03T16:26:28.950464+00:00","2025-11-03T16:26:28.950464+00:00"
"4cf60b99-1a24-46c6-9abd-89c3bc4e54b2","1251eed6-a02c-42a6-9db2-bf94a8eda63a","FALSE","Cabinet – Protection de l’enfance et lutte contre les violences","","","2025-11-03T16:26:28.950464+00:00","2025-11-03T16:26:28.950464+00:00"
"8dc3baef-791e-4c0f-8361-40fd04839791","1251eed6-a02c-42a6-9db2-bf94a8eda63a","FALSE","Cabinet – Conseillère parlementaire","","","2025-11-03T16:26:28.950464+00:00","2025-11-03T16:26:28.950464+00:00"
"8e5dc0b9-74cb-4e6f-8428-045e576410f5","1251eed6-a02c-42a6-9db2-bf94a8eda63a","FALSE","Cabinet – Directrice adjointe comptes sociaux","","","2025-10-22T18:39:07.778356+00:00","2025-11-03T16:26:28.950464+00:00"
"aed7349e-e55a-40af-964b-b98b11144ecf","1251eed6-a02c-42a6-9db2-bf94a8eda63a","FALSE","Cabinet – Formation et attractivité des métiers","","","2025-10-22T18:39:07.778356+00:00","2025-11-03T16:26:28.950464+00:00"
"81a112dd-fd6b-4344-a658-4a55b60c6951","5b7f0cb7-081d-45ad-baf9-c771d3cd14cd","FALSE","Cabinet – Directeur de cabinet","","","2025-11-03T16:27:22.015608+00:00","2025-11-03T16:27:22.015608+00:00"
"ad532ec9-ed13-4b4c-997f-b62f796819d2","5b7f0cb7-081d-45ad-baf9-c771d3cd14cd","FALSE","Cabinet – Conseillère territoires et accessibilité","","","2025-11-03T16:27:22.015608+00:00","2025-11-03T16:27:22.015608+00:00"
"be23d9b8-0914-4c2d-bc66-e78d8c0dca5d","5b7f0cb7-081d-45ad-baf9-c771d3cd14cd","FALSE","Cabinet – Conseillère communication et presse","","","2025-11-03T16:27:22.015608+00:00","2025-11-03T16:27:22.015608+00:00"
"db2e6efe-93df-4797-9f68-4a26ab93bb4a","5b7f0cb7-081d-45ad-baf9-c771d3cd14cd","FALSE","Cabinet – Conseillère grande âge et budget","","","2025-11-03T16:27:22.015608+00:00","2025-11-03T16:27:22.015608+00:00"
"024ea03d-e00f-475f-9f9f-1e8b47e5acbb","e1e33481-0f0e-476c-a59c-917d3d7aa31b","FALSE","Cabinet – Conseiller relations élus et institutions locales","","","2025-11-03T16:27:32.262326+00:00","2025-11-03T16:27:32.262326+00:00"
"0691e387-55a0-4635-9dc8-336462805b73","e1e33481-0f0e-476c-a59c-917d3d7aa31b","FALSE","Cabinet – Directeur de cabinet adjoint, affaires réservées","","","2025-11-03T16:27:32.262326+00:00","2025-11-03T16:27:32.262326+00:00"
"1ed6485b-faed-4e20-9c16-65d8bd954874","e1e33481-0f0e-476c-a59c-917d3d7aa31b","FALSE","Cabinet – Directrice adjointe du cabinet","","","2025-11-03T16:27:32.262326+00:00","2025-11-03T16:27:32.262326+00:00"
"404fc8af-49f6-4747-a6c9-bc7ad86c6233","e1e33481-0f0e-476c-a59c-917d3d7aa31b","FALSE","Cabinet – Conseiller simplification et innovation publique","","","2025-11-03T16:27:32.262326+00:00","2025-11-03T16:27:32.262326+00:00"
"5d12b4d7-13f0-4834-99ef-96d80f1982a1","e1e33481-0f0e-476c-a59c-917d3d7aa31b","FALSE","Cabinet – Conseillère cohésion territoriale et FPT","","","2025-11-03T16:27:32.262326+00:00","2025-11-03T16:27:32.262326+00:00"
"700213dc-6562-4d48-b436-922f35c53258","e1e33481-0f0e-476c-a59c-917d3d7aa31b","FALSE","Cabinet – Conseiller institutions et finances locales","","","2025-11-03T16:27:32.262326+00:00","2025-11-03T16:27:32.262326+00:00"
"75a9c939-c0b5-4edc-9dc2-3028e3c1e4cc","e1e33481-0f0e-476c-a59c-917d3d7aa31b","FALSE","Cabinet – Conseiller aménagement du territoire","","","2025-11-03T16:27:32.262326+00:00","2025-11-03T16:27:32.262326+00:00"
"82f8bfff-1e9c-48d6-9687-3230864104c4","e1e33481-0f0e-476c-a59c-917d3d7aa31b","FALSE","Cabinet – Conseiller décentralisation et Corse","","","2025-11-03T16:27:32.262326+00:00","2025-11-03T16:27:32.262326+00:00"
"85761795-4d5e-4e0f-ba3d-742710a1900c","e1e33481-0f0e-476c-a59c-917d3d7aa31b","FALSE","Cabinet – Conseillère parlementaire","","","2025-11-03T16:27:32.262326+00:00","2025-11-03T16:27:32.262326+00:00"
"e629d18f-964a-42c0-97f3-81d6da68a2fa","e1e33481-0f0e-476c-a59c-917d3d7aa31b","FALSE","Cabinet – Conseillère communication et presse","","","2025-11-03T16:27:32.262326+00:00","2025-11-03T16:27:32.262326+00:00"
"e691b9c1-4a73-4831-8260-3be5f78f31f2","e1e33481-0f0e-476c-a59c-917d3d7aa31b","FALSE","Cabinet – Conseiller budgétaire","","","2025-11-03T16:27:32.262326+00:00","2025-11-03T16:27:32.262326+00:00"
"0e42eb48-68a6-4093-8bbb-18293669cc56","57069b63-44b2-48eb-8a3a-ce1af67414cc","FALSE","Cabinet – Directeur adjoint de cabinet","","","2025-11-03T16:27:42.808539+00:00","2025-11-03T16:27:42.808539+00:00"
"82dae5fb-815c-41ae-9190-c2f132e3e868","57069b63-44b2-48eb-8a3a-ce1af67414cc","FALSE","Cabinet – Directrice de cabinet","","","2025-11-03T16:27:42.808539+00:00","2025-11-03T16:27:42.808539+00:00"
"022d96c0-943d-4820-a9a1-51863fe49a53","f5b4eb5a-0951-4113-9611-70d55bbf412b","FALSE","Cabinet – Communication et presse","","","2025-11-03T16:27:51.333844+00:00","2025-11-03T16:27:51.333844+00:00"
"54ee2faa-d2f9-4833-9557-812063873fd3","f5b4eb5a-0951-4113-9611-70d55bbf412b","FALSE","Cabinet – Directeur de cabinet","","","2025-11-03T16:27:51.333844+00:00","2025-11-03T16:27:51.333844+00:00"
"7421d951-b10a-4a2d-afa2-c6821a8c6d75","f5b4eb5a-0951-4113-9611-70d55bbf412b","FALSE","Cabinet – Directrice adjointe de cabinet","","","2025-11-03T16:27:51.333844+00:00","2025-11-03T16:27:51.333844+00:00"
"833460a0-0ed4-4b55-ab69-753a9844a485","f5b4eb5a-0951-4113-9611-70d55bbf412b","FALSE","Cabinet – Procédure et synthèse budgétaires","","","2025-11-03T16:27:51.333844+00:00","2025-11-03T16:27:51.333844+00:00"
"afa2859e-e9b2-4c5f-8a12-d5697ab011b0","f5b4eb5a-0951-4113-9611-70d55bbf412b","FALSE","Cabinet – Comptes sociaux et affaires européennes","","","2025-11-03T16:27:51.333844+00:00","2025-11-03T16:27:51.333844+00:00"
"b1d163bd-b563-4b01-8b58-93fc3c026c32","f5b4eb5a-0951-4113-9611-70d55bbf412b","FALSE","Cabinet – Directeur adjoint de cabinet","","","2025-11-03T16:27:51.333844+00:00","2025-11-03T16:27:51.333844+00:00"
"c206f9c2-5296-4138-a16a-c78302f8a4a8","f5b4eb5a-0951-4113-9611-70d55bbf412b","FALSE","Cabinet – Conseillère parlementaire","","","2025-11-03T16:27:51.333844+00:00","2025-11-03T16:27:51.333844+00:00"
"d805a569-5173-4a0e-8c9b-fc14000d865e","f5b4eb5a-0951-4113-9611-70d55bbf412b","FALSE","Cabinet – Chef de cabinet","","","2025-11-03T16:27:51.333844+00:00","2025-11-03T16:27:51.333844+00:00"
"e622a4ec-873c-4873-89a3-0124aa04f0b8","f5b4eb5a-0951-4113-9611-70d55bbf412b","FALSE","Cabinet – Comptes sociaux et finances publiques","","","2025-11-03T16:27:51.333844+00:00","2025-11-03T16:27:51.333844+00:00"
"7c51afcc-1e08-41d8-bd53-992a58c38bd3","14cfcde8-8822-409c-a9cc-18a416bde17e","FALSE","Cabinet – Directeur du cabinet","","","2025-10-22T18:53:30.546863+00:00","2025-11-03T15:14:33.795372+00:00"
"af31591f-8d50-4d9e-aa59-d337c9a54c37","14cfcde8-8822-409c-a9cc-18a416bde17e","FALSE","Cabinet – Chef de cabinet","","","2025-10-22T18:53:30.546863+00:00","2025-11-03T15:14:33.795372+00:00"
"b86dd1fa-5fcc-4fd1-8104-f29ccb11515c","7096353f-c8ac-4df1-8634-c45035c34825","FALSE","rattaché à Sébastien Lecornu","","","2025-10-21T07:50:33.310742+00:00","2025-11-03T15:14:33.795372+00:00"
"182faec4-8712-475a-927f-a376728233de","64d69571-d122-4985-b877-1813e6e7f9d6","FALSE","Cabinet – Directrice de cabinet","10/10/2025","","2025-10-17T09:14:16.074172+00:00","2025-11-03T15:14:33.795372+00:00"
"467e2977-a6b8-496c-8c28-5f256ce40f1e","5822c061-99dd-4734-856e-d623cc39f2b3","FALSE","Cabinet – Directrice de cabinet","10/10/2025","","2025-10-16T13:23:06.79778+00:00","2025-11-03T16:19:56.480198+00:00"
"150ce40b-4744-49d7-b797-ff87c910561c","e45d3a63-5659-489a-a0eb-656f5466d934","FALSE","Cabinet – Conseillère presse et communication","","","2025-11-03T16:21:55.188364+00:00","2025-11-03T16:21:55.188364+00:00"
"66f02786-e0cf-404c-a518-9702f77cac40","5a022b27-c9cd-45dd-9f61-f8bb1b3b6b97","TRUE","Ministre de l'Éducation nationale","","","2025-10-15T11:52:10.57827+00:00","2025-11-03T15:14:33.795372+00:00"
"d6af1180-c743-47c5-a0d9-eda9da905db5","e1e33481-0f0e-476c-a59c-917d3d7aa31b","FALSE","","","","2025-10-15T12:13:17.56549+00:00","2025-11-03T15:14:33.795372+00:00"
"52595388-bece-411d-9857-b7c9af7953a0","167a510a-75c7-4d79-9b72-128fe5ac0c19","FALSE","","","","2025-10-15T12:13:17.56549+00:00","2025-11-03T15:14:33.795372+00:00"
"c37a1fbd-780c-4c3a-a279-c8f0057c7cb9","167a510a-75c7-4d79-9b72-128fe5ac0c19","FALSE","","","","2025-10-15T12:13:17.56549+00:00","2025-11-03T15:14:33.795372+00:00"
"faad424b-a306-4cfe-b3cf-7aaed7fba0e3","167a510a-75c7-4d79-9b72-128fe5ac0c19","FALSE","","","","2025-10-15T12:13:17.56549+00:00","2025-11-03T15:14:33.795372+00:00"
"ea83403b-d679-4b53-b6a5-1363b48a0eaf","1251eed6-a02c-42a6-9db2-bf94a8eda63a","FALSE","","","","2025-10-15T12:13:17.56549+00:00","2025-11-03T15:14:33.795372+00:00"
"7e435e35-c8e7-40e7-b3f2-2092d3aeba92","2ada6cf9-1e56-44f9-94b0-09f6f5c04676","TRUE","Ministre délégué – Industrie","","","2025-10-15T11:55:16.702426+00:00","2025-11-03T15:14:33.795372+00:00"
"bc25b753-7b86-4616-ab35-326fc2a5ccce","2f4ad15c-3ad7-4079-a710-c181b3097e1b","TRUE","Ministre déléguée auprès du ministre de l'Intérieur","","","2025-10-15T11:55:16.702426+00:00","2025-11-03T15:14:33.795372+00:00"
"28672add-45c7-4e67-8b76-42412c80d072","e45d3a63-5659-489a-a0eb-656f5466d934","FALSE","","","","2025-10-15T12:13:17.56549+00:00","2025-11-03T15:14:33.795372+00:00"
"a5046d9d-a011-47eb-b5ee-22df32d972da","e45d3a63-5659-489a-a0eb-656f5466d934","FALSE","","","","2025-10-15T12:13:17.56549+00:00","2025-11-03T15:14:33.795372+00:00"
"7e435e35-c8e7-40e7-b3f2-2092d3aeba92","0029df18-e68b-4f4e-b882-852fcdb07bc6","FALSE","","","","2025-10-15T12:13:17.56549+00:00","2025-11-03T15:14:33.795372+00:00"
"b600b389-9dd2-4140-840d-9a5b3cbc4b9f","0029df18-e68b-4f4e-b882-852fcdb07bc6","FALSE","","","","2025-10-15T12:13:17.56549+00:00","2025-11-03T15:14:33.795372+00:00"
"d4ad5ec2-cdfc-4a80-b452-2742d4daa038","f5b4eb5a-0951-4113-9611-70d55bbf412b","FALSE","","","","2025-10-15T12:13:17.56549+00:00","2025-11-03T15:14:33.795372+00:00"
"bc25b753-7b86-4616-ab35-326fc2a5ccce","f46f4a1a-437a-451b-84e4-c08011e10bb0","FALSE","","","","2025-10-15T12:13:17.56549+00:00","2025-11-03T15:14:33.795372+00:00"
"5b076729-612d-417b-97d1-d49ae0e6539b","e45d3a63-5659-489a-a0eb-656f5466d934","TRUE","Ministre de la Transition écologique","","","2025-10-15T11:55:16.702426+00:00","2025-11-03T15:14:33.795372+00:00"
"fbac4923-6f65-4081-b877-6c70d84387da","33421bba-70b6-4f59-8d66-1fe80fd489f4","TRUE","Ministre de la Culture","","","2025-10-15T11:55:16.702426+00:00","2025-11-03T15:14:33.795372+00:00"
"02770ce3-21e2-412c-b3fb-8ca4de812fb5","0029df18-e68b-4f4e-b882-852fcdb07bc6","TRUE","Ministre de l'Économie, des Finances et de la Souveraineté industrielle et énergétique","","","2025-10-15T11:55:16.702426+00:00","2025-11-03T15:14:33.795372+00:00"
"16edb9bf-1ecd-47b3-b354-5663967bd3dc","e2a6efe8-91c1-4d47-ba48-39fb348a4430","TRUE","Ministre des Sports, de la Jeunesse et de la Vie associative","","","2025-10-15T11:55:16.702426+00:00","2025-11-03T15:14:33.795372+00:00"
"1c692b3a-6972-478a-9d06-e95097de9a98","8cffab00-1440-4efe-81d2-f85194ff36de","TRUE","Ministre des Outre-mer","","","2025-10-15T11:55:16.702426+00:00","2025-11-03T15:14:33.795372+00:00"
"3f2dd4ce-483e-4b0e-9c11-d58cf45caa1c","f5b4eb5a-0951-4113-9611-70d55bbf412b","TRUE","Ministre de l'Action et des Comptes publics","","","2025-10-15T11:55:16.702426+00:00","2025-11-03T15:14:33.795372+00:00"
"208eb48b-a75a-42e0-9b72-3774dce1cf83","e45d3a63-5659-489a-a0eb-656f5466d934","FALSE","Cabinet – Chef de cabinet","","","2025-11-03T16:21:55.188364+00:00","2025-11-03T16:21:55.188364+00:00"
"27df4420-79a3-4001-9704-76b1cc261b7c","e45d3a63-5659-489a-a0eb-656f5466d934","FALSE","Cabinet – Conseiller climat et décarbonation","","","2025-11-03T16:21:55.188364+00:00","2025-11-03T16:21:55.188364+00:00"
"ca803e35-31b4-4639-a601-836ee28dd424","0aa7a1b2-5eed-4b6a-b3c1-1b80945921af","FALSE","Cabinet – Chef de cabinet","","","2025-10-22T19:03:10.035814+00:00","2025-11-03T15:14:33.795372+00:00"
"28672add-45c7-4e67-8b76-42412c80d072","0aa7a1b2-5eed-4b6a-b3c1-1b80945921af","TRUE","Ministre délégué chargée de la Transition écologique","","","2025-10-15T11:55:16.702426+00:00","2025-11-03T15:14:33.795372+00:00"
"a5046d9d-a011-47eb-b5ee-22df32d972da","a0cb23b5-f7fd-4c53-acfc-3bbf2cc9d85c","TRUE","Ministre déléguée chargée de la Mer et de la Pêche","","","2025-10-15T11:55:16.702426+00:00","2025-11-03T15:14:33.795372+00:00"
"327f2d52-0173-4eaf-8639-0f2c3f7ace4e","e45d3a63-5659-489a-a0eb-656f5466d934","FALSE","Cabinet – Conseillère santé et eau","","","2025-11-03T16:21:55.188364+00:00","2025-11-03T16:21:55.188364+00:00"
"5460b742-3792-4f96-918a-d0f1a456684e","e45d3a63-5659-489a-a0eb-656f5466d934","FALSE","Cabinet – Conseillère affaires budgétaires et financières","","","2025-11-03T16:21:55.188364+00:00","2025-11-03T16:21:55.188364+00:00"
"5735c6cf-cbc8-469b-933f-7f2828a7a47c","e45d3a63-5659-489a-a0eb-656f5466d934","FALSE","Cabinet – Conseiller diplomatique","","","2025-11-03T16:21:55.188364+00:00","2025-11-03T16:21:55.188364+00:00"
"65906bf1-5807-4677-a718-ea94bbff1e81","e45d3a63-5659-489a-a0eb-656f5466d934","FALSE","Cabinet – Conseiller biodiversité, forêt et recherche","","","2025-11-03T16:21:55.188364+00:00","2025-11-03T16:21:55.188364+00:00"
"7492645d-7074-465c-be8c-35dde2737d86","e45d3a63-5659-489a-a0eb-656f5466d934","FALSE","Cabinet – Conseillère parlementaire","","","2025-11-03T16:21:55.188364+00:00","2025-11-03T16:21:55.188364+00:00"
"86b0c0f5-9e56-460c-95df-2f107a5cb23d","e45d3a63-5659-489a-a0eb-656f5466d934","FALSE","Cabinet – Directrice de cabinet","12/10/2025","","2025-10-17T07:16:20.773436+00:00","2025-11-03T16:21:55.188364+00:00"
"c2d9ce89-fe1c-4576-8059-afece10441a3","e45d3a63-5659-489a-a0eb-656f5466d934","FALSE","Cabinet – Directeur adjoint du cabinet","","","2025-11-03T16:21:55.188364+00:00","2025-11-03T16:21:55.188364+00:00"
"c845ddd2-2950-40a0-a06c-43e9b339ff6c","e45d3a63-5659-489a-a0eb-656f5466d934","FALSE","Cabinet – Conseiller spécial","","","2025-11-03T16:21:55.188364+00:00","2025-11-03T16:21:55.188364+00:00"
"c23846bc-7b27-4272-9840-63b536a6a46a","f46f4a1a-437a-451b-84e4-c08011e10bb0","TRUE","Ministre de l'Intérieur","","","2025-10-15T11:55:16.702426+00:00","2025-11-03T15:14:33.795372+00:00"
"51c6fa32-56e8-4934-a959-fdf127062993","a06bb2b5-5c88-47b6-a7a6-32224cc1abae","TRUE","Ministre déléguée auprès de la ministre des Armées","","","2025-10-15T11:55:16.702426+00:00","2025-11-03T15:14:33.795372+00:00"
"d6ad8617-b41d-4e66-998c-ba0e335223fc","e45d3a63-5659-489a-a0eb-656f5466d934","FALSE","Cabinet – Directeur adjoint du cabinet","","","2025-11-03T16:21:55.188364+00:00","2025-11-03T16:21:55.188364+00:00"
"20e33ae9-b3be-4926-9d55-71af54212d0c","14cfcde8-8822-409c-a9cc-18a416bde17e","TRUE","Ministre de l'Agriculture et de la Souveraineté alimentaire","","","2025-10-15T11:55:16.702426+00:00","2025-11-03T15:14:33.795372+00:00"
"8c74b95d-99f9-46c5-b78c-aa3389182b3b","70f4caf8-76ec-46b1-9663-fefc76428992","TRUE","Ministre des Armées et des Anciens combattants","","","2025-10-15T11:55:16.702426+00:00","2025-11-03T15:14:33.795372+00:00"
"db09b05e-c264-4180-9795-6bc1adb2b553","da085e3b-f773-4392-a808-3076d187913a","TRUE","Ministre de la Ville et du Logement","","","2025-10-15T11:55:16.702426+00:00","2025-11-03T15:14:33.795372+00:00"
"479aa638-0630-4abd-971e-350141400faf","5822c061-99dd-4734-856e-d623cc39f2b3","TRUE","Ministre du Travail et des Solidarités","","","2025-10-15T11:55:16.702426+00:00","2025-11-03T15:14:33.795372+00:00"
"21b48e8c-e060-46ae-9139-e1b1ff98354c","43cc528f-8aa0-4325-b8ad-65e350f069da","FALSE","Cabinet – Conseiller social, vie étudiante et outre-mer","10/10/2025","","2025-10-17T09:54:14.494196+00:00","2025-11-03T16:09:58.784838+00:00"
"0c27ab92-05c6-4487-8869-426341a49736","d127788b-7349-4d2d-9cbd-62ca9fa68ae9","FALSE","Cabinet – Conseillère politiques pénales","","","2025-10-22T19:14:11.442649+00:00","2025-11-03T16:16:25.133747+00:00"
"0d5bc280-d992-43a3-9d5b-a7ab3cfe7078","d127788b-7349-4d2d-9cbd-62ca9fa68ae9","FALSE","Cabinet – Directrice adjointe de cabinet","","","2025-10-22T19:14:11.442649+00:00","2025-11-03T16:16:25.133747+00:00"
"2bbefa6c-1902-472f-a3f2-26ddabd353ff","d127788b-7349-4d2d-9cbd-62ca9fa68ae9","FALSE","Cabinet – Chef de cabinet, conseiller politique","","","2025-10-22T19:14:11.442649+00:00","2025-11-03T16:16:25.133747+00:00"
"0d35fb3a-225b-41d2-b476-73f58d870d79","5a022b27-c9cd-45dd-9f61-f8bb1b3b6b97","FALSE","Cabinet – Conseiller affaires pédagogiques","","","2025-11-03T16:24:25.773426+00:00","2025-11-03T16:24:25.773426+00:00"
"19c152e8-6024-45f5-b56e-1773b4b0cc84","5a022b27-c9cd-45dd-9f61-f8bb1b3b6b97","FALSE","Cabinet – Conseiller communication et presse","","","2025-11-03T16:24:25.773426+00:00","2025-11-03T16:24:25.773426+00:00"
"b94f2329-2582-47c3-88ef-dc8743b61df4","5a022b27-c9cd-45dd-9f61-f8bb1b3b6b97","FALSE","Cabinet – Directeur de cabinet","10/10/2025","","2025-10-17T07:25:46.082577+00:00","2025-11-03T16:24:25.773426+00:00"
"4c56ec2a-7149-4f2c-b2f2-17f264718dce","868b9df4-9a4b-464d-9954-ceeb34367612","FALSE","Cabinet – Directeur de cabinet","10/10/2025","","2025-10-17T09:40:50.810044+00:00","2025-11-03T16:24:51.588046+00:00"
"06d2930b-e830-492f-a6f8-513b2a0ed01e","64d69571-d122-4985-b877-1813e6e7f9d6","FALSE","Cabinet – Cheffe de cabinet","","","2025-10-22T18:45:03.087511+00:00","2025-11-03T16:26:12.148395+00:00"
"c65ce55f-ee53-471c-9432-2fc34e749dd6","64d69571-d122-4985-b877-1813e6e7f9d6","FALSE","Cabinet – Directrice de cabinet","","","2025-10-22T18:45:03.087511+00:00","2025-11-03T16:26:12.148395+00:00"
"8962625b-b7ed-4eea-a3c1-a082270caa76","1251eed6-a02c-42a6-9db2-bf94a8eda63a","FALSE","Cabinet – Financement et produits de santé","","","2025-10-22T18:39:07.778356+00:00","2025-11-03T16:26:28.950464+00:00"
"94d2cfd6-c39a-4c9a-a285-28bfe3c9ea97","1251eed6-a02c-42a6-9db2-bf94a8eda63a","FALSE","Cabinet – Sécurité sanitaire et santé environnementale","","","2025-10-22T18:39:07.778356+00:00","2025-11-03T16:26:28.950464+00:00"
"39d9a6b2-71da-4e21-8c60-5cde9cd2977a","70f4caf8-76ec-46b1-9663-fefc76428992","FALSE","Cabinet – Conseillère parlementaire","07/10/2025","","2025-10-16T08:48:51.895061+00:00","2025-11-03T16:28:51.535531+00:00"
"41864584-caa9-434e-9e8a-cfa37bc73e60","70f4caf8-76ec-46b1-9663-fefc76428992","FALSE","Cabinet – Conseiller diplomatique","07/10/2025","","2025-10-16T08:48:51.895061+00:00","2025-11-03T16:28:51.535531+00:00"
"5fce34ac-6164-4ca1-a21d-374d43c6d0d3","70f4caf8-76ec-46b1-9663-fefc76428992","FALSE","Cabinet – Conseiller affaires budgétaires et financières","07/10/2025","","2025-10-16T08:48:51.895061+00:00","2025-11-03T16:28:51.535531+00:00"
"87d2f4e1-c57e-408f-858f-d745d3f73670","70f4caf8-76ec-46b1-9663-fefc76428992","FALSE","Cabinet – Conseiller spécial","07/10/2025","","2025-10-16T08:48:51.895061+00:00","2025-11-03T16:28:51.535531+00:00"
"1700e83a-78e4-4622-8652-9cf6a97dcac3","70f4caf8-76ec-46b1-9663-fefc76428992","FALSE","Cabinet – Conseiller spécial","08/10/2025","","2025-10-16T09:07:14.342227+00:00","2025-11-03T16:29:04.684296+00:00"
"1c106d29-99be-4bb4-89c6-c335ef787ff5","e1e33481-0f0e-476c-a59c-917d3d7aa31b","TRUE","Ministre de l'Aménagement du territoire et de la Décentralisation","","","2025-10-15T11:55:16.702426+00:00","2025-11-03T15:14:33.795372+00:00"
"fdf3ad5e-61ca-4d10-b9ad-f9182553746e","167a510a-75c7-4d79-9b72-128fe5ac0c19","TRUE","Ministre de l'Europe et des Affaires étrangères","","","2025-10-15T11:55:16.702426+00:00","2025-11-03T15:14:33.795372+00:00"
"1a08d2d3-06b2-424f-acb5-567047e5b25c","d127788b-7349-4d2d-9cbd-62ca9fa68ae9","TRUE","Garde des Sceaux, ministre de la Justice","","","2025-10-15T11:55:16.702426+00:00","2025-11-03T15:14:33.795372+00:00"
"48ee045d-b02d-4fbe-b707-503c201d02c1","1251eed6-a02c-42a6-9db2-bf94a8eda63a","TRUE","Ministre de la Santé, des Familles, de l'Autonomie et des Personnes handicapées","","","2025-10-15T11:55:16.702426+00:00","2025-11-03T15:14:33.795372+00:00"
"64174521-52f3-4cf7-bfc4-c1a6af869db0","35fa9817-90da-4e23-b6b2-68d7bb797678","TRUE","Ministre des Transports","","","2025-10-15T11:55:16.702426+00:00","2025-11-03T15:14:33.795372+00:00"
"a55bd2f3-5c34-409e-aebd-5f8a664d5e0f","9e35b193-e343-4fa2-8af0-fe227bb504f5","TRUE","Ministre des PME, du Commerce, de l'Artisanat, du Tourisme et du Pouvoir d'achat","","","2025-10-15T11:55:16.702426+00:00","2025-11-03T15:14:33.795372+00:00"
"004b5701-dbc5-4c0b-9828-3221faf994cb","43cc528f-8aa0-4325-b8ad-65e350f069da","TRUE","Ministre de l'Enseignement supérieur, de la Recherche et de l'Espace","","","2025-10-15T11:55:16.702426+00:00","2025-11-03T15:14:33.795372+00:00"
"d6af1180-c743-47c5-a0d9-eda9da905db5","57069b63-44b2-48eb-8a3a-ce1af67414cc","TRUE","Ministre de l’Aménagement du territoire et de la Décentralisation","","","2025-10-15T11:55:16.702426+00:00","2025-11-03T15:14:33.795372+00:00"
"52595388-bece-411d-9857-b7c9af7953a0","64d69571-d122-4985-b877-1813e6e7f9d6","TRUE","Ministre déléguée chargé de la Francophonie, des Partenariats internationaux et des Français de l’étranger

","","","2025-10-15T11:55:16.702426+00:00","2025-11-03T15:14:33.795372+00:00"
"c37a1fbd-780c-4c3a-a279-c8f0057c7cb9","6c79642b-0cbe-4fcb-a580-79fb8dff4455","TRUE","Ministre délégué chargé du Commerce extérieur et de l’Attractivité

","","","2025-10-15T11:55:16.702426+00:00","2025-11-03T15:14:33.795372+00:00"
"faad424b-a306-4cfe-b3cf-7aaed7fba0e3","868b9df4-9a4b-464d-9954-ceeb34367612","TRUE","Ministre délégué chargé de l’Europe","","","2025-10-15T11:55:16.702426+00:00","2025-11-03T15:14:33.795372+00:00"
"ea83403b-d679-4b53-b6a5-1363b48a0eaf","5b7f0cb7-081d-45ad-baf9-c771d3cd14cd","TRUE","Ministre déléguée chargée de l’Autonomie et des Personnes handicapées
","","","2025-10-15T11:55:16.702426+00:00","2025-11-03T15:14:33.795372+00:00"
"b600b389-9dd2-4140-840d-9a5b3cbc4b9f","06749d78-530c-4966-8492-cac8dc922379","TRUE","Ministre délégué chargé de l'Intelligence artificielle et du Numérique de France","","","2025-10-15T11:55:16.702426+00:00","2025-11-03T15:14:33.795372+00:00"
"d4ad5ec2-cdfc-4a80-b452-2742d4daa038","a25c52fe-66fd-4960-bc03-b5664c0b95bc","TRUE","Ministre délégué de la Fonction publique & Réforme de l'État","","","2025-10-15T11:55:16.702426+00:00","2025-11-03T15:14:33.795372+00:00"
"965f6a00-942d-42dc-bf25-664b5e3fa002","0029df18-e68b-4f4e-b882-852fcdb07bc6","FALSE","Cabinet – Chef de cabinet et conseiller spécial","10/10/2025","","2025-10-17T10:11:47.387317+00:00","2025-11-03T16:20:08.280646+00:00"
"3b9cfa87-e570-42f0-8c99-ae101440d0eb","e45d3a63-5659-489a-a0eb-656f5466d934","FALSE","Cabinet – Conseillère presse et communication","","","2025-11-03T16:22:14.740809+00:00","2025-11-03T16:22:14.740809+00:00"
"639c8ef4-1d27-46fa-bbf0-973d76e1e1a2","e45d3a63-5659-489a-a0eb-656f5466d934","FALSE","Cabinet – Conseiller prévention et simplification","","","2025-11-03T16:22:14.740809+00:00","2025-11-03T16:22:14.740809+00:00"
"ca803e35-31b4-4639-a601-836ee28dd424","e45d3a63-5659-489a-a0eb-656f5466d934","FALSE","Cabinet – Chef de cabinet","","","2025-11-03T16:22:14.740809+00:00","2025-11-03T16:22:14.740809+00:00"
"d7cd9748-a0bf-4cfc-aedd-0c3cc8474136","e45d3a63-5659-489a-a0eb-656f5466d934","FALSE","Cabinet – Directeur de cabinet","","","2025-11-03T16:22:14.740809+00:00","2025-11-03T16:22:14.740809+00:00"
"221c3205-a08b-4081-9946-b3a551958320","5a022b27-c9cd-45dd-9f61-f8bb1b3b6b97","FALSE","Cabinet – Conseillère dialogue social et RH","","","2025-11-03T16:24:25.773426+00:00","2025-11-03T16:24:25.773426+00:00"
"33726c23-45e2-4368-bf0b-0e78ed5e953c","5a022b27-c9cd-45dd-9f61-f8bb1b3b6b97","FALSE","Cabinet – Conseillère école inclusive et santé","","","2025-11-03T16:24:25.773426+00:00","2025-11-03T16:24:25.773426+00:00"
"3f3e961d-c679-487d-bb0e-73902eef7ea9","5a022b27-c9cd-45dd-9f61-f8bb1b3b6b97","FALSE","Cabinet – Conseillère budget, numérique et IA","","","2025-11-03T16:24:25.773426+00:00","2025-11-03T16:24:25.773426+00:00"
"54fecefa-15c1-4c64-afc2-9153b9ec0c3b","5a022b27-c9cd-45dd-9f61-f8bb1b3b6b97","FALSE","Cabinet – Directrice adjointe du cabinet","","","2025-11-03T16:24:25.773426+00:00","2025-11-03T16:24:25.773426+00:00"
"608206f4-9f51-48d1-8413-11c49cc85bfb","5a022b27-c9cd-45dd-9f61-f8bb1b3b6b97","FALSE","Cabinet – Conseillère climat scolaire et valeurs de la République","","","2025-11-03T16:24:25.773426+00:00","2025-11-03T16:24:25.773426+00:00"
"7ae6bb7f-130f-48f1-b2d0-f5f453eaf0d9","5a022b27-c9cd-45dd-9f61-f8bb1b3b6b97","FALSE","Cabinet – Conseiller inégalités territoriales et sociales","","","2025-11-03T16:24:25.773426+00:00","2025-11-03T16:24:25.773426+00:00"
"c87d1c81-54a3-46e5-b576-6d51f80e79d9","5a022b27-c9cd-45dd-9f61-f8bb1b3b6b97","FALSE","Cabinet – Conseiller parlementaire","","","2025-11-03T16:24:25.773426+00:00","2025-11-03T16:24:25.773426+00:00"
"38b0f6e3-3579-4895-8f66-c9dc14340595","8cffab00-1440-4efe-81d2-f85194ff36de","FALSE","Cabinet – Conseillère affaires économiques et Nouvelle-Calédonie","","","2025-11-03T16:16:12.451151+00:00","2025-11-03T16:16:12.451151+00:00"
"69e9fc77-1bab-47fd-b27e-f37cb1a3e4c6","8cffab00-1440-4efe-81d2-f85194ff36de","FALSE","Cabinet – Conseiller transition écologique et Mayotte","","","2025-11-03T16:16:12.451151+00:00","2025-11-03T16:16:12.451151+00:00"
"8c5d2c54-e86b-4544-9727-0ba5f2a65bc5","8cffab00-1440-4efe-81d2-f85194ff36de","FALSE","Cabinet – Directeur adjoint, questions institutionnelles et parlementaires","","","2025-11-03T16:16:12.451151+00:00","2025-11-03T16:16:12.451151+00:00"
"b1927ec2-454d-40c7-8467-ac19a7c370ca","8cffab00-1440-4efe-81d2-f85194ff36de","FALSE","Cabinet – Directrice adjointe, économie et budget","","","2025-11-03T16:16:12.451151+00:00","2025-11-03T16:16:12.451151+00:00"
"b52e528a-39f2-48fb-9d2a-d1c603b971c9","8cffab00-1440-4efe-81d2-f85194ff36de","FALSE","Cabinet – Conseillère transports et énergie","","","2025-11-03T16:16:12.451151+00:00","2025-11-03T16:16:12.451151+00:00"
"b96b8096-f646-43c6-876d-01da26bc2940","8cffab00-1440-4efe-81d2-f85194ff36de","FALSE","Cabinet – Conseillère éducation, jeunesse et culture","","","2025-11-03T16:16:12.451151+00:00","2025-11-03T16:16:12.451151+00:00"
"c4465bc9-7bf6-4c96-b848-7ebaaff8bcd6","8cffab00-1440-4efe-81d2-f85194ff36de","FALSE","Cabinet – Conseillère sécurité et affaires internationales","","","2025-11-03T16:16:12.451151+00:00","2025-11-03T16:16:12.451151+00:00"
"7a7466e2-f41a-4aa5-aa62-d39b4c813935","d127788b-7349-4d2d-9cbd-62ca9fa68ae9","FALSE","Cabinet – Conseiller libertés publiques et outre-mer","","","2025-10-22T19:14:11.442649+00:00","2025-11-03T16:16:25.133747+00:00"
"c9be7e61-2b2e-4d63-a2fc-725b466529c4","5a022b27-c9cd-45dd-9f61-f8bb1b3b6b97","FALSE","Cabinet – Cheffe de cabinet","10/10/2025","","2025-10-17T07:25:46.082577+00:00","2025-11-03T16:24:25.773426+00:00"
"f1a9ff63-8dfc-49af-a937-cb6ee1178826","5a022b27-c9cd-45dd-9f61-f8bb1b3b6b97","FALSE","Cabinet – Chef adjoint de cabinet, conseiller diplomatique","","","2025-11-03T16:24:25.773426+00:00","2025-11-03T16:24:25.773426+00:00"
"1aab20b5-2492-487f-8f10-a0aaad83f61e","6c79642b-0cbe-4fcb-a580-79fb8dff4455","FALSE","Cabinet – Conseillère politique commerciale","","","2025-11-03T16:26:00.978503+00:00","2025-11-03T16:26:00.978503+00:00"
"279e3ad3-4d5a-40a7-9aea-ca796837b312","6c79642b-0cbe-4fcb-a580-79fb8dff4455","FALSE","Cabinet – Chef de cabinet","","","2025-11-03T16:26:00.978503+00:00","2025-11-03T16:26:00.978503+00:00"
"5103539a-e26d-4438-867f-77eb17428857","6c79642b-0cbe-4fcb-a580-79fb8dff4455","FALSE","Cabinet – Directeur de cabinet","","","2025-11-03T16:26:00.978503+00:00","2025-11-03T16:26:00.978503+00:00"
"6cd28709-3b50-4d83-beda-fbdd5b0740ee","6c79642b-0cbe-4fcb-a580-79fb8dff4455","FALSE","Cabinet – Conseillère attractivité et export","","","2025-11-03T16:26:00.978503+00:00","2025-11-03T16:26:00.978503+00:00"
"b49d8623-b515-46ce-ae16-9984c1d5d919","6c79642b-0cbe-4fcb-a580-79fb8dff4455","FALSE","Cabinet – Conseillère spéciale, Parlement et élus locaux","","","2025-11-03T16:26:00.978503+00:00","2025-11-03T16:26:00.978503+00:00"
"c88bb4be-0876-4dbd-aa99-a4238c2dc8db","6c79642b-0cbe-4fcb-a580-79fb8dff4455","FALSE","Cabinet – Directrice de cabinet adjointe","","","2025-11-03T16:26:00.978503+00:00","2025-11-03T16:26:00.978503+00:00"
"01df61bf-f5c7-47d9-928b-61c27b1e7ab8","33421bba-70b6-4f59-8d66-1fe80fd489f4","FALSE","Cabinet – Conseiller diplomatique","","","2025-11-03T16:26:21.545499+00:00","2025-11-03T16:26:21.545499+00:00"
"1d6c07a2-192c-49c0-a362-52b2b363fe30","33421bba-70b6-4f59-8d66-1fe80fd489f4","FALSE","Cabinet – Conseillère spéciale","","","2025-11-03T16:26:21.545499+00:00","2025-11-03T16:26:21.545499+00:00"
"411809e5-4888-4b66-8cb2-a87328b746f5","33421bba-70b6-4f59-8d66-1fe80fd489f4","FALSE","Cabinet – Conseillère livre et langues","","","2025-11-03T16:26:21.545499+00:00","2025-11-03T16:26:21.545499+00:00"
"4b22750c-8f2d-4688-8d49-a11b7f635173","33421bba-70b6-4f59-8d66-1fe80fd489f4","FALSE","Cabinet – Directrice de cabinet","","","2025-11-03T16:26:21.545499+00:00","2025-11-03T16:26:21.545499+00:00"
"58746c1f-2c3a-4fc4-a3e9-7e0f723e904f","33421bba-70b6-4f59-8d66-1fe80fd489f4","FALSE","Cabinet – Directeur adjoint de cabinet, audiovisuel et presse","","","2025-11-03T16:26:21.545499+00:00","2025-11-03T16:26:21.545499+00:00"
"666e0a76-2c5a-4ee1-a9b7-e7371020b509","33421bba-70b6-4f59-8d66-1fe80fd489f4","FALSE","Cabinet – Conseiller éducation artistique","","","2025-11-03T16:26:21.545499+00:00","2025-11-03T16:26:21.545499+00:00"
"6b46a9a7-174b-45c8-9d98-8cc00cd5b987","33421bba-70b6-4f59-8d66-1fe80fd489f4","FALSE","Cabinet – Conseillère cinéma et numérique","","","2025-11-03T16:26:21.545499+00:00","2025-11-03T16:26:21.545499+00:00"
"7214511b-71c9-4fe5-8275-4503dcc121e9","33421bba-70b6-4f59-8d66-1fe80fd489f4","FALSE","Cabinet – Conseiller discours et transformation","","","2025-11-03T16:26:21.545499+00:00","2025-11-03T16:26:21.545499+00:00"
"80b1de6a-023b-46be-91f1-cafdb543310f","33421bba-70b6-4f59-8d66-1fe80fd489f4","FALSE","Cabinet – Conseiller budget et mécénat","","","2025-11-03T16:26:21.545499+00:00","2025-11-03T16:26:21.545499+00:00"
"82c46767-9ada-4d58-a37a-24573789fa23","33421bba-70b6-4f59-8d66-1fe80fd489f4","FALSE","Cabinet – Directrice adjointe, patrimoine et architecture","","","2025-11-03T16:26:21.545499+00:00","2025-11-03T16:26:21.545499+00:00"
"94a5362f-f9df-4d41-ada0-2c1f97e5c221","33421bba-70b6-4f59-8d66-1fe80fd489f4","FALSE","Cabinet – Conseiller presse et communication","","","2025-11-03T16:26:21.545499+00:00","2025-11-03T16:26:21.545499+00:00"
"9ac7091a-042f-4da9-bbba-7f737b843718","33421bba-70b6-4f59-8d66-1fe80fd489f4","FALSE","Cabinet – Chef de cabinet","","","2025-11-03T16:26:21.545499+00:00","2025-11-03T16:26:21.545499+00:00"
"e74d70aa-53ee-41f4-9e45-650674a860b5","33421bba-70b6-4f59-8d66-1fe80fd489f4","FALSE","Cabinet – Conseillère parlementaire","","","2025-11-03T16:26:21.545499+00:00","2025-11-03T16:26:21.545499+00:00"
"ea8a9a96-e8f4-4c27-8b2e-5e7579eb0adb","33421bba-70b6-4f59-8d66-1fe80fd489f4","FALSE","Cabinet – Conseillère arts et design","","","2025-11-03T16:26:21.545499+00:00","2025-11-03T16:26:21.545499+00:00"
"1e437f97-5439-4ad1-93b3-70fd9c3ab137","5b7f0cb7-081d-45ad-baf9-c771d3cd14cd","FALSE","Cabinet – Conseillère transformation et prévention maltraitances","","","2025-11-03T16:27:22.015608+00:00","2025-11-03T16:27:22.015608+00:00"
"22cffbac-1e2f-4c0a-bd76-e20f09455a4c","5b7f0cb7-081d-45ad-baf9-c771d3cd14cd","FALSE","Cabinet – Conseiller école inclusive et emploi","","","2025-11-03T16:27:22.015608+00:00","2025-11-03T16:27:22.015608+00:00"
"3c2b803d-e4f9-4b46-9945-b4d54afaba3d","5b7f0cb7-081d-45ad-baf9-c771d3cd14cd","FALSE","Cabinet – Chef de cabinet, relations Parlement","","","2025-11-03T16:27:22.015608+00:00","2025-11-03T16:27:22.015608+00:00"
"252386bc-2bb3-4b83-90a7-455644b9cadf","e1e33481-0f0e-476c-a59c-917d3d7aa31b","FALSE","Cabinet – Directrice de cabinet","10/10/2025","","2025-10-17T09:42:39.667105+00:00","2025-11-03T16:27:32.262326+00:00"
"e69727d3-a69a-401c-ba85-900cf0eac2d8","f5b4eb5a-0951-4113-9611-70d55bbf412b","FALSE","Cabinet – Fiscalité, douane et fraude","","","2025-11-03T16:27:51.333844+00:00","2025-11-03T16:27:51.333844+00:00"
"fcc6f2ec-f9d1-4229-811a-e21e6545474b","f5b4eb5a-0951-4113-9611-70d55bbf412b","FALSE","Cabinet – Conseillère budgétaire","","","2025-11-03T16:27:51.333844+00:00","2025-11-03T16:27:51.333844+00:00"
"0d7b8edc-d20f-488b-bc07-7fe43184c89e","a25c52fe-66fd-4960-bc03-b5664c0b95bc","FALSE","Cabinet – Directeur de cabinet","","","2025-11-03T16:28:37.322865+00:00","2025-11-03T16:28:37.322865+00:00"
"1543679f-788d-4d22-8f8e-f80cfac67319","a25c52fe-66fd-4960-bc03-b5664c0b95bc","FALSE","Cabinet – Chef de cabinet","","","2025-11-03T16:28:37.322865+00:00","2025-11-03T16:28:37.322865+00:00"
"9b3d51dd-cf68-4de4-a265-e77dbbd7f43b","a25c52fe-66fd-4960-bc03-b5664c0b95bc","FALSE","Cabinet – Conseiller parlementaire et relations élus","","","2025-11-03T16:28:37.322865+00:00","2025-11-03T16:28:37.322865+00:00"
"2c84c2bf-4797-41ab-8c6d-0fe0b5dbc202","70f4caf8-76ec-46b1-9663-fefc76428992","FALSE","Cabinet – Conseillère industrie et innovation","","","2025-11-03T16:28:51.535531+00:00","2025-11-03T16:28:51.535531+00:00"
"669e8414-a585-4422-be52-2b311cd2d28e","70f4caf8-76ec-46b1-9663-fefc76428992","FALSE","Cabinet – Conseiller mémoire, culture et discours","","","2025-11-03T16:28:51.535531+00:00","2025-11-03T16:28:51.535531+00:00"
"6fbf5fcb-7514-4517-9582-93395e14b69f","70f4caf8-76ec-46b1-9663-fefc76428992","FALSE","Cabinet – Directeur adjoint du cabinet civil et militaire","07/10/2025","","2025-10-16T08:48:51.895061+00:00","2025-11-03T16:28:51.535531+00:00"
"b3e39c5d-67a6-4252-ae29-53fff3e37aaf","70f4caf8-76ec-46b1-9663-fefc76428992","FALSE","Cabinet – Directeur du cabinet civil et militaire","","","2025-11-03T16:28:51.535531+00:00","2025-11-03T16:28:51.535531+00:00"
"c0ffec9f-2d2a-4665-964a-bf8801938b52","70f4caf8-76ec-46b1-9663-fefc76428992","FALSE","Cabinet – Chef du cabinet militaire","","","2025-11-03T16:28:51.535531+00:00","2025-11-03T16:28:51.535531+00:00"
"fb09d58f-d6b2-4836-9e26-9f40f87891a4","70f4caf8-76ec-46b1-9663-fefc76428992","FALSE","Cabinet – Chef du cabinet civil","","","2025-11-03T16:28:51.535531+00:00","2025-11-03T16:28:51.535531+00:00"
"09a8c890-a4de-4423-acf7-9ec5e8a6254d","70f4caf8-76ec-46b1-9663-fefc76428992","FALSE","Cabinet – Conseillère culture, patrimoine et archives","","","2025-11-03T16:29:04.684296+00:00","2025-11-03T16:29:04.684296+00:00"
"99f47d49-e301-44a1-8ae0-6305852c5362","70f4caf8-76ec-46b1-9663-fefc76428992","FALSE","Cabinet – Conseillère droit à réparation et plan blessés","","","2025-11-03T16:29:04.684296+00:00","2025-11-03T16:29:04.684296+00:00"
"0c055a48-a20e-4242-b62b-79224d11db55","e2a6efe8-91c1-4d47-ba48-39fb348a4430","FALSE","Cabinet – Éducation et enseignement supérieur","","","2025-11-03T16:29:13.24293+00:00","2025-11-03T16:29:13.24293+00:00"
"1194943d-d1f7-4b8f-8f6f-7a3d9f070f90","e2a6efe8-91c1-4d47-ba48-39fb348a4430","FALSE","Cabinet – Montagnes et développement durable","","","2025-11-03T16:29:13.24293+00:00","2025-11-03T16:29:13.24293+00:00"
"137fe532-b0e0-405c-971e-40bd5acc3323","e2a6efe8-91c1-4d47-ba48-39fb348a4430","FALSE","Cabinet – Cheffe adjointe de cabinet","","","2025-11-03T16:29:13.24293+00:00","2025-11-03T16:29:13.24293+00:00"
"26104139-337a-46d8-872e-2a151b168487","e2a6efe8-91c1-4d47-ba48-39fb348a4430","FALSE","Cabinet – Directeur adjoint jeunesse et vie associative","","","2025-11-03T16:29:13.24293+00:00","2025-11-03T16:29:13.24293+00:00"
"6d63a5d1-0905-49c2-88fe-05913613dcd4","e2a6efe8-91c1-4d47-ba48-39fb348a4430","FALSE","Cabinet – Directeur du cabinet","","","2025-11-03T16:29:13.24293+00:00","2025-11-03T16:29:13.24293+00:00"
"714876f6-bd76-4bc0-aa83-30f664e0042c","e2a6efe8-91c1-4d47-ba48-39fb348a4430","FALSE","Cabinet – Communication et presse","","","2025-11-03T16:29:13.24293+00:00","2025-11-03T16:29:13.24293+00:00"
"d45ccd25-6131-49e0-8a04-17cca5af62b3","e2a6efe8-91c1-4d47-ba48-39fb348a4430","FALSE","Cabinet – Sport professionnel et Alpes 2030","","","2025-11-03T16:29:13.24293+00:00","2025-11-03T16:29:13.24293+00:00"
"d87777c1-73f9-436e-8c36-3c2d4c9ba4ff","e2a6efe8-91c1-4d47-ba48-39fb348a4430","FALSE","Cabinet – Cheffe de cabinet","","","2025-11-03T16:29:13.24293+00:00","2025-11-03T16:29:13.24293+00:00"
"dec79ad8-6595-43b1-8d17-cd83487dc3e3","e2a6efe8-91c1-4d47-ba48-39fb348a4430","FALSE","Cabinet – Relations parlementaires et élus","","","2025-11-03T16:29:13.24293+00:00","2025-11-03T16:29:13.24293+00:00"
"e4fa8a68-8511-40b2-b220-aafc01075479","e2a6efe8-91c1-4d47-ba48-39fb348a4430","FALSE","Cabinet – Haute performance et vie fédérale","","","2025-11-03T16:29:13.24293+00:00","2025-11-03T16:29:13.24293+00:00"
"f1165a85-956c-4b9f-973f-f0c05422e8d3","e2a6efe8-91c1-4d47-ba48-39fb348a4430","FALSE","Cabinet – Territoires, outre-mer et équipements sportifs","","","2025-11-03T16:29:13.24293+00:00","2025-11-03T16:29:13.24293+00:00"
"f51f1685-5121-438a-aa65-965e681c0173","e2a6efe8-91c1-4d47-ba48-39fb348a4430","FALSE","Cabinet – Affaires juridiques et éthique","","","2025-11-03T16:29:13.24293+00:00","2025-11-03T16:29:13.24293+00:00"
"fa346c4f-081f-456f-9427-b82d17169c1f","e2a6efe8-91c1-4d47-ba48-39fb348a4430","FALSE","Cabinet – Jeunesse et insertion professionnelle","","","2025-11-03T16:29:13.24293+00:00","2025-11-03T16:29:13.24293+00:00"
"1fc8745f-69e7-4b4e-96e8-710e9657f809","35fa9817-90da-4e23-b6b2-68d7bb797678","FALSE","Cabinet – Conseiller innovation et qualité de service","","","2025-11-03T16:31:41.793836+00:00","2025-11-03T16:31:41.793836+00:00"
"2f056e1c-e343-48a0-9faa-3d78eb67079e","35fa9817-90da-4e23-b6b2-68d7bb797678","FALSE","Cabinet – Conseiller transport aérien","","","2025-11-03T16:31:41.793836+00:00","2025-11-03T16:31:41.793836+00:00"
"5ddedf86-f052-4f8e-aaef-68611e4e15d2","35fa9817-90da-4e23-b6b2-68d7bb797678","FALSE","Cabinet – Directrice de cabinet","","","2025-11-03T16:31:41.793836+00:00","2025-11-03T16:31:41.793836+00:00"
"6ccae6a1-53d9-448f-8c88-7d1f79f6c47f","35fa9817-90da-4e23-b6b2-68d7bb797678","FALSE","Cabinet – Conseillère parlementaire","","","2025-11-03T16:31:41.793836+00:00","2025-11-03T16:31:41.793836+00:00"
"7dc40901-a961-4a50-b773-447d45832b5b","35fa9817-90da-4e23-b6b2-68d7bb797678","FALSE","Cabinet – Conseillère communication et presse","","","2025-11-03T16:31:41.793836+00:00","2025-11-03T16:31:41.793836+00:00"
"8e4936f1-5ba3-4f12-bf82-5fb32257a200","35fa9817-90da-4e23-b6b2-68d7bb797678","FALSE","Cabinet – Directrice adjointe de cabinet","","","2025-11-03T16:31:41.793836+00:00","2025-11-03T16:31:41.793836+00:00"
"c0e0cbb8-974b-4350-8ce8-21f1e2203339","35fa9817-90da-4e23-b6b2-68d7bb797678","FALSE","Cabinet – Directeur adjoint de cabinet","","","2025-11-03T16:31:41.793836+00:00","2025-11-03T16:31:41.793836+00:00"
"cfe29c0b-22ca-462a-833c-a8632a0c7396","35fa9817-90da-4e23-b6b2-68d7bb797678","FALSE","Cabinet – Chef de cabinet adjoint et affaires réservées","","","2025-11-03T16:31:41.793836+00:00","2025-11-03T16:31:41.793836+00:00"
"dceef8f8-8760-438f-b75d-5796b95d36d6","35fa9817-90da-4e23-b6b2-68d7bb797678","FALSE","Cabinet – Chef de cabinet et conseiller spécial","","","2025-11-03T16:31:41.793836+00:00","2025-11-03T16:31:41.793836+00:00"
"e81f3b4f-61d0-49ec-9d88-f2d2fed8ec34","35fa9817-90da-4e23-b6b2-68d7bb797678","FALSE","Cabinet – Conseiller discours et communication","","","2025-11-03T16:31:41.793836+00:00","2025-11-03T16:31:41.793836+00:00"
"faaf5bb6-520b-4de2-82e9-c236e38f6a39","35fa9817-90da-4e23-b6b2-68d7bb797678","FALSE","Cabinet – Conseiller mobilités routières et fluvial","","","2025-11-03T16:31:41.793836+00:00","2025-11-03T16:31:41.793836+00:00"
"fdc71cc2-78f9-48d0-8f44-7478065e409e","35fa9817-90da-4e23-b6b2-68d7bb797678","FALSE","Cabinet – Conseiller diplomatique et maritime","","","2025-11-03T16:31:41.793836+00:00","2025-11-03T16:31:41.793836+00:00"
"feefb353-e199-4567-b1e8-e706607b78a5","35fa9817-90da-4e23-b6b2-68d7bb797678","FALSE","Cabinet – Conseillère mobilités actives et scolaires","","","2025-11-03T16:31:41.793836+00:00","2025-11-03T16:31:41.793836+00:00"
"10d81473-81f4-410c-b65b-c88565be09de","da085e3b-f773-4392-a808-3076d187913a","FALSE","Cabinet – Conseiller logement et rénovation urbaine","","","2025-11-03T16:31:51.064838+00:00","2025-11-03T16:31:51.064838+00:00"
"405a5bff-a33f-4dd8-976d-1e0e86e6aa10","da085e3b-f773-4392-a808-3076d187913a","FALSE","Cabinet – Cheffe adjointe de cabinet","","","2025-11-03T16:31:51.064838+00:00","2025-11-03T16:31:51.064838+00:00"
"40a3b51c-1287-4fb3-bf24-910b3130e30f","da085e3b-f773-4392-a808-3076d187913a","FALSE","Cabinet – Conseiller budgétaire","","","2025-11-03T16:31:51.064838+00:00","2025-11-03T16:31:51.064838+00:00"
"97147663-8f81-4b68-8679-5f7c5aeb0519","da085e3b-f773-4392-a808-3076d187913a","FALSE","Cabinet – Directeur adjoint de cabinet","","","2025-11-03T16:31:51.064838+00:00","2025-11-03T16:31:51.064838+00:00"
"ad61d809-20e6-43a9-91d7-86206f0d411c","da085e3b-f773-4392-a808-3076d187913a","FALSE","Cabinet – Conseillère discours et affaires réservées","","","2025-11-03T16:31:51.064838+00:00","2025-11-03T16:31:51.064838+00:00"
"c3e4192d-47a4-4e09-a5bc-d23c9b192c20","da085e3b-f773-4392-a808-3076d187913a","FALSE","Cabinet – Conseiller construction et rénovation énergétique","","","2025-11-03T16:31:51.064838+00:00","2025-11-03T16:31:51.064838+00:00"
"de46e679-7b0b-49d7-81ee-e3e9ecfbf8fe","da085e3b-f773-4392-a808-3076d187913a","FALSE","Cabinet – Directeur de cabinet","","","2025-11-03T16:31:51.064838+00:00","2025-11-03T16:31:51.064838+00:00"
"f4b68105-7587-41dd-abbe-548a64397992","da085e3b-f773-4392-a808-3076d187913a","FALSE","Cabinet – Cheffe de cabinet","","","2025-11-03T16:31:51.064838+00:00","2025-11-03T16:31:51.064838+00:00"
"949dd0e1-92fd-447f-801a-ea40eff41191","ff8fd0ed-b2f7-40dc-b307-69054bfb91fe","FALSE","Cabinet – Directeur de cabinet","","","2025-11-03T16:07:24.785388+00:00","2025-11-03T16:32:00.631136+00:00"
"aa0e024d-6bc9-4b86-a835-efc84872512b","ff8fd0ed-b2f7-40dc-b307-69054bfb91fe","FALSE","Cabinet – Conseiller spécial","10/10/2025","","2025-10-17T10:07:19.828232+00:00","2025-11-03T16:32:00.631136+00:00"
"ad8d105b-bfcd-4c18-8ec7-c293231925d4","ff8fd0ed-b2f7-40dc-b307-69054bfb91fe","FALSE","Cabinet – Conseillère parlementaire","","","2025-11-03T16:07:24.785388+00:00","2025-11-03T16:32:00.631136+00:00"
"b131314a-096d-4928-81e6-72711796e738","ff8fd0ed-b2f7-40dc-b307-69054bfb91fe","FALSE","Cabinet – Conseillère parlementaire","","","2025-11-03T16:07:24.785388+00:00","2025-11-03T16:32:00.631136+00:00"
"b84dc879-d4e1-4901-8e38-94e8de7dea15","ff8fd0ed-b2f7-40dc-b307-69054bfb91fe","FALSE","Cabinet – Conseillère parlementaire","","","2025-11-03T16:07:24.785388+00:00","2025-11-03T16:32:00.631136+00:00"
"b8d9bde6-f427-408f-b612-2ebf831c35e6","ff8fd0ed-b2f7-40dc-b307-69054bfb91fe","FALSE","Cabinet – Cheffe de cabinet","","","2025-11-03T16:07:24.785388+00:00","2025-11-03T16:32:00.631136+00:00"
"ff495066-fb56-485d-a071-bc9223ccfcef","ff8fd0ed-b2f7-40dc-b307-69054bfb91fe","FALSE","Cabinet – Directrice adjointe de cabinet","","","2025-11-03T16:07:24.785388+00:00","2025-11-03T16:32:00.631136+00:00"
"184ed9cd-2090-4127-b3c6-6820c93912f0","29cc6f35-219a-4fd9-b5b7-4d06939e0682","FALSE","Cabinet – Directrice adjointe du plan Toutes et Tous Égaux","","","2025-11-03T16:32:10.177918+00:00","2025-11-03T16:32:10.177918+00:00"
"9231d8f6-9bca-4b21-95f2-30ba42b5bd1a","29cc6f35-219a-4fd9-b5b7-4d06939e0682","FALSE","Cabinet – Directeur de cabinet","","","2025-11-03T16:32:10.177918+00:00","2025-11-03T16:32:10.177918+00:00"
"975bacfd-457e-46ba-aad2-dd2ea9bc62a9","29cc6f35-219a-4fd9-b5b7-4d06939e0682","FALSE","Cabinet – Chef de cabinet, relations élus et collectivités","","","2025-11-03T16:32:10.177918+00:00","2025-11-03T16:32:10.177918+00:00"
"a7ff6400-d6cd-4939-bfe1-c5844ce9a92c","29cc6f35-219a-4fd9-b5b7-4d06939e0682","FALSE","Cabinet – Presse et réseaux sociaux","","","2025-11-03T16:32:10.177918+00:00","2025-11-03T16:32:10.177918+00:00"
"f720c24d-13b5-4c07-90b3-e200e50edde3","29cc6f35-219a-4fd9-b5b7-4d06939e0682","FALSE","Cabinet – Communication et stratégie politique","","","2025-11-03T16:32:10.177918+00:00","2025-11-03T16:32:10.177918+00:00"
"a3245c9d-765b-4bd1-baec-420c3131392c","a3f89e2a-ce65-4245-ac02-90c397207559","FALSE","Cabinet – Conseiller communication et opinion","","","2025-11-03T16:32:52.109381+00:00","2025-11-03T16:32:52.109381+00:00"
"cafe87a4-da50-46b0-9ff4-a017e1945ad4","a3f89e2a-ce65-4245-ac02-90c397207559","FALSE","Cabinet – Directeur de cabinet","","","2025-11-03T16:32:52.109381+00:00","2025-11-03T16:32:52.109381+00:00"
"f5dad4d5-8dcf-4140-8426-c220880e0dd6","a3f89e2a-ce65-4245-ac02-90c397207559","FALSE","Cabinet – Conseiller argumentaire et Parlement","","","2025-11-03T16:32:52.109381+00:00","2025-11-03T16:32:52.109381+00:00"
"f62b3232-14b8-468f-b79d-47383692cf41","a3f89e2a-ce65-4245-ac02-90c397207559","FALSE","Cabinet – Chef de cabinet, élus locaux et territoires","","","2025-11-03T16:32:52.109381+00:00","2025-11-03T16:32:52.109381+00:00"
"48f9e0ff-ae25-4cf8-8d61-f2c10497a5a9","c5fd3277-a362-4aae-a9c5-942ee926adcb","TRUE","Président de la République","","","2025-11-14T10:51:55.468348+00:00","2025-11-14T10:51:55.468348+00:00"
"08898832-0b71-4099-8b67-b53e8dd203d4","7096353f-c8ac-4df1-8634-c45035c34825","FALSE","Cabinet – Outre-mer","","","2025-11-28T09:58:30.341195+00:00","2025-11-28T09:58:30.341195+00:00"
"2c743a88-0c7e-4ffb-b856-f8eee77ea6d3","7096353f-c8ac-4df1-8634-c45035c34825","FALSE","Cabinet – Territoires","","","2025-11-28T09:58:30.341195+00:00","2025-11-28T09:58:30.341195+00:00"
"2dffa9b7-5b6e-4e61-a483-9667bb6150f9","7096353f-c8ac-4df1-8634-c45035c34825","FALSE","Cabinet – Institutions & action publique","","","2025-11-28T09:58:30.341195+00:00","2025-11-28T09:58:30.341195+00:00"
"6757d1b4-46ce-4cc9-ad38-63cc376b94da","7096353f-c8ac-4df1-8634-c45035c34825","FALSE","Cabinet – Justice","","","2025-11-28T09:58:30.341195+00:00","2025-11-28T09:58:30.341195+00:00"
"fe63bbe9-d387-4024-9a95-41a54b83f7b3","7096353f-c8ac-4df1-8634-c45035c34825","FALSE","Cabinet – Intérieur & sécurité","","","2025-11-28T09:58:30.341195+00:00","2025-11-28T09:58:30.341195+00:00"
"44e176a3-d5fb-42d8-a42d-536f26c1f520","7096353f-c8ac-4df1-8634-c45035c34825","FALSE","Cabinet – Affaires stratégiques & désarmement","","","2025-12-17T12:52:22.549757+00:00","2025-12-17T12:52:22.549757+00:00"
"4c71e1d1-6dbf-4a12-ab8b-06112291789e","7096353f-c8ac-4df1-8634-c45035c34825","FALSE","Cabinet – Afrique du Nord & Moyen-Orient","","","2025-12-17T12:52:22.549757+00:00","2025-12-17T12:52:22.549757+00:00"
"51b9055a-2e62-4bab-aefd-55ca23964b98","7096353f-c8ac-4df1-8634-c45035c34825","FALSE","Cabinet – Technique Europe","","","2025-12-17T12:52:22.549757+00:00","2025-12-17T12:52:22.549757+00:00"
"5b66e37f-f94c-4d11-bf5a-490c27dde7e0","7096353f-c8ac-4df1-8634-c45035c34825","FALSE","Cabinet – Envoyé spécial Libye","","","2025-12-17T12:52:22.549757+00:00","2025-12-17T12:52:22.549757+00:00"
"6ae1de78-aa54-4771-98bc-124d83b65bb8","7096353f-c8ac-4df1-8634-c45035c34825","FALSE","Cabinet – Europe continentale & Turquie","","","2025-12-17T12:52:22.549757+00:00","2025-12-17T12:52:22.549757+00:00"
"813b43be-e025-4e53-83e3-bc72799718eb","7096353f-c8ac-4df1-8634-c45035c34825","FALSE","Cabinet – Affaires globales","","","2025-12-17T12:52:22.549757+00:00","2025-12-17T12:52:22.549757+00:00"
"8e597a68-cd02-4324-8943-3ef53c86b662","7096353f-c8ac-4df1-8634-c45035c34825","FALSE","Cabinet – Technique Europe","","","2025-12-17T12:52:22.549757+00:00","2025-12-17T12:52:22.549757+00:00"
"9cb34550-bfbe-4077-af17-48f7b868d60a","7096353f-c8ac-4df1-8634-c45035c34825","FALSE","Cabinet – Technique (globales & Afrique)","","","2025-12-17T12:52:22.549757+00:00","2025-12-17T12:52:22.549757+00:00"
"a565bd05-f243-440b-aff4-6cd76444a830","7096353f-c8ac-4df1-8634-c45035c34825","FALSE","Cabinet – Europe","","","2025-12-17T12:52:22.549757+00:00","2025-12-17T12:52:22.549757+00:00"
"ddde26c8-a042-4f0c-9b02-6f076f34b132","7096353f-c8ac-4df1-8634-c45035c34825","FALSE","Cabinet – Asie, Océanie & Amériques","","","2025-12-17T12:52:22.549757+00:00","2025-12-17T12:52:22.549757+00:00"
"f39550d8-cc96-4919-867c-87a12938688e","7096353f-c8ac-4df1-8634-c45035c34825","FALSE","Cabinet – Afrique","","","2025-12-17T12:52:22.549757+00:00","2025-12-17T12:52:22.549757+00:00"
"af8733d8-fdbb-40cf-a546-ed609e4bad0c","7096353f-c8ac-4df1-8634-c45035c34825","FALSE","Cabinet – Social","","","2025-12-17T12:54:23.149478+00:00","2025-12-17T12:54:23.149478+00:00"
"d3ab4944-f58d-4d2a-a602-e71ecd7b2fa2","7096353f-c8ac-4df1-8634-c45035c34825","FALSE","Cabinet – Santé, handicap & personnes âgées","","","2025-12-17T12:54:23.149478+00:00","2025-12-17T12:54:23.149478+00:00"
"013acf7f-125b-4964-861d-ab640858e18b","7096353f-c8ac-4df1-8634-c45035c34825","FALSE","Cabinet – Culture","","","2025-12-17T12:55:03.617+00:00","2025-12-17T12:55:03.617+00:00"
"845502ee-9f5e-49e5-9ecf-6f4bc8dcaced","7096353f-c8ac-4df1-8634-c45035c34825","FALSE","Cabinet – Éducation, ESR, recherche & innovation","","","2025-12-17T12:55:03.617+00:00","2025-12-17T12:55:03.617+00:00"
"bd5f0c71-7f66-4cb8-8e9e-3fa410c120a9","7096353f-c8ac-4df1-8634-c45035c34825","FALSE","Cabinet – Sport, vie associative & solidarité","","","2025-12-17T12:55:03.617+00:00","2025-12-17T12:55:03.617+00:00"
"00d0b609-a9f1-4530-8313-cfffbca74937","7096353f-c8ac-4df1-8634-c45035c34825","FALSE","Cabinet – Attractivité, export & politiques commerciales","","","2025-12-17T12:56:44.921253+00:00","2025-12-17T12:56:44.921253+00:00"
"45c67f3f-cf7c-4676-b438-c43bf1e2cb62","7096353f-c8ac-4df1-8634-c45035c34825","FALSE","Cabinet – Économie","","","2025-12-17T12:56:44.921253+00:00","2025-12-17T12:56:44.921253+00:00"
"6f907daa-cb63-484d-9e3d-6f22db1cd2f0","7096353f-c8ac-4df1-8634-c45035c34825","FALSE","Cabinet – Macroéconomie, politiques publiques, G20/G7","","","2025-12-17T12:56:44.921253+00:00","2025-12-17T12:56:44.921253+00:00"
"d6dd94fb-e9e6-44cd-8d92-6bc9f6897fd7","7096353f-c8ac-4df1-8634-c45035c34825","FALSE","Cabinet – Industrie, innovation & numérique","","","2025-12-17T12:56:44.921253+00:00","2025-12-17T12:56:44.921253+00:00"
"0a3e07d0-bf58-4504-ad33-a846cf700b02","7096353f-c8ac-4df1-8634-c45035c34825","FALSE","Cabinet – Énergie, climat & transports","","","2025-12-17T12:57:58.933313+00:00","2025-12-17T12:57:58.933313+00:00"
"4084eb95-4f05-408b-8967-9c4427dbc622","7096353f-c8ac-4df1-8634-c45035c34825","FALSE","Cabinet – Agriculture","","","2025-12-17T12:57:58.933313+00:00","2025-12-17T12:57:58.933313+00:00"
"647bbc05-575a-4416-8287-150b6c779af2","7096353f-c8ac-4df1-8634-c45035c34825","FALSE","Cabinet – Politique","","","2025-12-17T13:20:31.489246+00:00","2025-12-17T13:20:31.489246+00:00"
"b8edacfc-88b9-4e0f-830e-8beed3d5d8c8","7096353f-c8ac-4df1-8634-c45035c34825","FALSE","Cabinet – Parlement","","","2025-12-17T13:20:31.489246+00:00","2025-12-17T13:20:31.489246+00:00"
"cc7eb739-6546-4e09-945f-a64ed38372d8","7096353f-c8ac-4df1-8634-c45035c34825","FALSE","Cabinet – Politique","","","2025-12-17T13:20:31.489246+00:00","2025-12-17T13:20:31.489246+00:00"
"0c848a2f-125a-41ca-94b7-66699f8c3731","7096353f-c8ac-4df1-8634-c45035c34825","FALSE","Cabinet – Discours","","","2025-12-17T13:21:54.392991+00:00","2025-12-17T13:21:54.392991+00:00"
"2b9e033a-dfd0-43c6-ba09-8157c2afaa66","7096353f-c8ac-4df1-8634-c45035c34825","FALSE","Cabinet – Communication & stratégie","","","2025-12-17T13:21:54.392991+00:00","2025-12-17T13:21:54.392991+00:00"
"2d16897e-60c7-4090-80a1-27df54ee25a2","7096353f-c8ac-4df1-8634-c45035c34825","FALSE","Cabinet – Communication internationale","","","2025-12-17T13:21:54.392991+00:00","2025-12-17T13:21:54.392991+00:00"
"3651d1e2-c75b-4dd7-8f43-1d72241eae72","7096353f-c8ac-4df1-8634-c45035c34825","FALSE","Cabinet – Opinion","","","2025-12-17T13:21:54.392991+00:00","2025-12-17T13:21:54.392991+00:00"
"c3c92d8e-8c81-4b6f-9bad-6b40eda13f4c","7096353f-c8ac-4df1-8634-c45035c34825","FALSE","Cabinet – Veille numérique & données","","","2025-12-17T13:21:54.392991+00:00","2025-12-17T13:21:54.392991+00:00"
"c4f195ef-77a1-4593-8813-5d5d9fa26e78","7096353f-c8ac-4df1-8634-c45035c34825","FALSE","Cabinet – Communication nationale","","","2025-12-17T13:21:54.392991+00:00","2025-12-17T13:21:54.392991+00:00"
"df7ecd74-a46a-4b8c-8e98-024461679692","7096353f-c8ac-4df1-8634-c45035c34825","FALSE","Cabinet – Discours","","","2025-12-17T13:21:54.392991+00:00","2025-12-17T13:21:54.392991+00:00"